stockcode,entry_dt,remove_dt
000511.SZ,1998-04-28,1999-04-28
000548.SZ,1998-04-29,1999-05-31
000558.SZ,1998-04-29,1999-05-26
600647.SH,1998-04-29,2005-06-08
600831.SH,1998-04-29,2002-03-29
000506.SZ,1998-04-30,2001-02-13
000515.SZ,1998-04-30,1999-07-09
000015.SZ,1998-05-04,2000-05-12
000413.SZ,1998-05-04,2000-04-27
000518.SZ,1998-05-04,1999-07-09
600083.SH,1998-05-04,2000-05-12
600633.SH,1998-05-04,2002-04-18
600813.SH,1998-05-04,
600837.SH,1998-05-04,2002-04-29
600670.SH,1998-05-05,
000669.SZ,1998-05-18,2000-03-28
600852.SH,1998-06-05,2000-04-17
600892.SH,1998-06-08,2001-04-16
000569.SZ,1998-06-09,1999-06-09
000049.SZ,1998-06-10,1999-06-10
600855.SH,1998-06-10,2002-04-18
000014.SZ,1998-06-15,2002-02-08
000030.SZ,1998-06-15,2013-04-24
000503.SZ,1998-06-15,2000-03-21
000526.SZ,1999-04-19,2000-03-21
000507.SZ,1999-04-22,2000-04-26
000607.SZ,1999-04-22,2000-03-23
600847.SH,1999-04-23,2000-04-28
000004.SZ,1999-04-27,2001-03-06
000020.SZ,1999-04-27,2000-03-29
000522.SZ,1999-04-27,2002-04-23
600610.SH,1999-04-27,2003-04-01
600898.SH,1999-04-27,2003-07-18
000536.SZ,1999-04-29,2001-05-11
000555.SZ,1999-04-29,2001-03-27
000566.SZ,1999-04-29,2000-05-09
600691.SH,1999-04-29,2000-05-10
600715.SH,1999-04-29,2000-05-08
600818.SH,1999-04-29,2001-05-18
600876.SH,1999-04-29,2000-04-28
000009.SZ,1999-04-30,2000-04-14
000034.SZ,1999-04-30,2001-01-18
000639.SZ,1999-04-30,2000-03-22
000017.SZ,1999-05-04,2014-05-14
000502.SZ,1999-05-04,2001-03-23
000556.SZ,1999-05-04,2001-05-11
000588.SZ,1999-05-04,2001-04-27
000613.SZ,1999-05-04,2001-04-23
600625.SH,1999-05-04,2000-05-12
600758.SH,1999-05-04,2000-04-26
600759.SH,1999-05-04,2001-05-14
600874.SH,1999-05-17,2001-03-26
600833.SH,1999-05-18,2002-04-29
600775.SH,1999-05-26,2000-04-28
000653.SZ,2000-02-21,
000411.SZ,2000-04-07,2001-04-27
600721.SH,2000-04-07,2001-05-11
000518.SZ,2000-04-10,2001-01-11
000038.SZ,2000-04-11,2001-04-06
600683.SH,2000-04-13,2001-04-17
600806.SH,2000-04-13,2001-03-14
600658.SH,2000-04-18,2001-04-09
000025.SZ,2000-04-19,2006-03-08
000504.SZ,2000-04-19,2001-03-09
000546.SZ,2000-04-21,2001-05-11
001696.SZ,2000-04-26,2004-02-24
600137.SH,2000-04-26,2001-03-06
600762.SH,2000-04-26,2001-03-19
000010.SZ,2000-04-27,2001-04-10
000689.SZ,2000-04-28,
600629.SH,2000-04-28,2008-05-23
600845.SH,2000-04-28,2001-05-18
000003.SZ,2000-05-09,2001-05-11
000011.SZ,2000-05-09,2005-03-08
000585.SZ,2000-05-09,2006-04-24
000592.SZ,2000-05-09,2009-05-12
600696.SH,2000-05-09,2001-03-01
000658.SZ,2000-05-10,
000602.SZ,2000-05-11,2002-03-27
000550.SZ,2000-06-05,2001-04-12
600097.SH,2000-07-17,2002-03-20
600703.SH,2001-02-06,2002-03-28
000838.SZ,2001-02-19,2004-04-29
000675.SZ,2001-02-21,
600743.SH,2001-02-21,2009-03-26
000535.SZ,2001-03-07,
000662.SZ,2001-03-28,2002-04-01
600109.SH,2001-03-30,2003-04-07
000047.SZ,2001-04-09,
600853.SH,2001-04-10,2003-05-26
600150.SH,2001-04-11,2002-04-12
000788.SZ,2001-04-18,2005-03-04
000007.SZ,2001-04-19,2002-04-12
600768.SH,2001-04-19,2003-03-27
600753.SH,2001-04-24,2007-10-09
600167.SH,2001-04-26,2003-02-12
000430.SZ,2001-04-27,2002-03-07
600745.SH,2001-04-27,2003-04-30
000416.SZ,2001-04-30,2002-02-07
000033.SZ,2001-05-08,2002-04-17
000048.SZ,2001-05-08,2005-05-13
600734.SH,2001-05-08,2002-03-11
600848.SH,2001-05-08,2007-05-14
600763.SH,2001-06-26,2007-06-04
600893.SH,2001-10-10,2004-03-03
600709.SH,2002-03-19,
600082.SH,2002-03-21,2003-08-25
600603.SH,2002-03-26,2014-03-10
000678.SZ,2002-03-27,2005-04-26
000851.SZ,2002-03-27,2005-03-18
600622.SH,2002-03-27,2003-04-07
000571.SZ,2002-03-29,2004-03-31
000586.SZ,2002-04-08,2004-02-25
000723.SZ,2002-04-09,2003-04-15
000893.SZ,2002-04-09,2003-03-17
600669.SH,2002-04-09,
000405.SZ,2002-04-17,
000885.SZ,2002-04-17,2008-06-18
600786.SH,2002-04-17,2004-03-18
600792.SH,2002-04-17,2003-03-20
600858.SH,2002-04-17,2005-05-09
000514.SZ,2002-04-18,2003-03-05
000560.SZ,2002-04-18,2007-06-08
000567.SZ,2002-04-18,2005-03-07
000572.SZ,2002-04-18,2005-04-04
000566.SZ,2002-04-19,2005-03-21
600057.SH,2002-04-22,2003-04-21
000533.SZ,2002-04-23,2004-03-26
000826.SZ,2002-04-23,2004-04-19
600715.SH,2002-04-23,2012-08-30
000603.SZ,2002-04-24,2012-05-08
000618.SZ,2002-04-24,2005-03-28
000699.SZ,2002-04-24,
600646.SH,2002-04-24,
600842.SH,2002-04-24,2006-05-11
000638.SZ,2002-04-25,2009-06-05
000656.SZ,2002-04-26,2011-08-23
000921.SZ,2002-04-26,2003-06-04
600870.SH,2002-04-26,2004-04-30
600698.SH,2002-04-29,2014-05-05
000008.SZ,2002-04-30,2005-02-22
000150.SZ,2002-04-30,2005-03-30
000412.SZ,2002-04-30,
000620.SZ,2002-04-30,2011-07-08
000738.SZ,2002-04-30,2004-04-27
000013.SZ,2002-05-08,
000544.SZ,2002-05-08,2004-04-05
000557.SZ,2002-05-08,2016-05-06
000682.SZ,2002-05-08,2004-04-26
600799.SH,2002-05-08,
600083.SH,2002-05-22,2013-02-01
000411.SZ,2002-06-25,2005-05-13
000536.SZ,2002-06-28,2009-04-08
600818.SH,2002-06-28,2005-03-21
000594.SZ,2002-07-02,2004-10-29
600137.SH,2002-07-16,2008-06-12
600862.SH,2002-07-19,2008-04-29
000546.SZ,2002-08-08,2006-05-22
000613.SZ,2002-10-18,2013-05-27
600759.SH,2003-01-07,2008-02-22
000695.SZ,2003-02-18,2005-04-05
600873.SH,2003-02-21,2005-03-22
000809.SZ,2003-02-24,2005-04-04
600784.SH,2003-03-03,2004-03-16
600807.SH,2003-03-07,2007-05-28
600749.SH,2003-03-10,2004-04-22
600886.SH,2003-03-10,2004-02-05
600760.SH,2003-03-14,2008-06-13
000710.SZ,2003-03-18,2007-04-12
000801.SZ,2003-03-26,2006-06-30
000409.SZ,2003-04-01,2013-04-03
600385.SH,2003-04-09,2015-05-05
000980.SZ,2003-04-10,2005-04-07
000570.SZ,2003-04-11,2004-04-05
000951.SZ,2003-04-11,2005-03-22
600139.SH,2003-04-11,2005-03-14
000635.SZ,2003-04-15,2004-03-26
000005.SZ,2003-04-16,2008-06-25
000498.SZ,2003-04-16,2004-03-23
000555.SZ,2003-04-17,2014-03-19
000561.SZ,2003-04-17,2010-12-08
600234.SH,2003-04-17,2014-04-21
000040.SZ,2003-04-18,2005-05-26
000529.SZ,2003-04-22,2009-09-11
600190.SH,2003-04-23,2004-03-19
600313.SH,2003-04-23,2005-04-12
000718.SZ,2003-04-24,2007-03-30
600738.SH,2003-04-25,2005-04-11
000765.SZ,2003-04-28,2004-03-19
600182.SH,2003-04-28,2005-03-21
000505.SZ,2003-04-29,2007-06-06
000621.SZ,2003-04-29,
000927.SZ,2003-04-29,2004-05-13
600695.SH,2003-04-29,2008-06-23
600758.SH,2003-04-29,2008-03-14
600766.SH,2003-04-29,2007-03-30
600769.SH,2003-04-29,2004-05-11
600793.SH,2003-04-29,2004-04-15
000418.SZ,2003-04-30,2004-05-12
600053.SH,2003-04-30,2007-02-15
600672.SH,2003-04-30,
600781.SH,2003-04-30,2007-04-02
600878.SH,2003-04-30,
000660.SZ,2003-05-12,
000670.SZ,2003-05-12,2004-04-05
000730.SZ,2003-05-12,
600613.SH,2003-05-12,2006-01-11
600615.SH,2003-05-12,2007-06-15
600617.SH,2003-05-12,2007-02-08
600891.SH,2003-05-12,2011-09-01
600847.SH,2003-05-19,2012-05-18
000761.SZ,2003-06-27,2004-05-10
600751.SH,2003-06-30,2013-04-23
600159.SH,2003-07-01,2006-04-21
600338.SH,2003-08-29,2013-03-12
600899.SH,2003-09-19,
600090.SH,2003-11-25,2008-01-03
000827.SZ,2004-01-15,
600503.SH,2004-02-05,2008-07-14
000049.SZ,2004-02-12,2005-03-16
000776.SZ,2004-03-10,2005-03-04
600156.SH,2004-03-18,2005-04-21
600335.SH,2004-03-18,2006-05-25
000802.SZ,2004-03-30,2006-04-13
000766.SZ,2004-04-13,2006-08-04
000995.SZ,2004-04-19,2005-04-25
600691.SH,2004-04-21,2013-04-03
600869.SH,2004-04-21,2005-06-08
600077.SH,2004-04-23,2005-06-08
600735.SH,2004-04-23,2008-05-23
600892.SH,2004-04-23,2013-04-22
000587.SZ,2004-04-26,2012-09-10
000816.SZ,2004-04-26,2005-04-22
600240.SH,2004-04-26,2005-03-18
600681.SH,2004-04-26,2013-01-31
600776.SH,2004-04-26,2005-05-17
600876.SH,2004-04-26,2005-06-28
000020.SZ,2004-04-27,2009-05-19
000931.SZ,2004-04-27,2005-05-13
000950.SZ,2004-04-27,2007-04-09
600203.SH,2004-04-27,2006-03-21
600852.SH,2004-04-27,
000769.SZ,2004-04-28,
600700.SH,2004-04-28,
000691.SZ,2004-04-29,2012-06-25
000552.SZ,2004-04-30,2006-06-26
000799.SZ,2004-04-30,2005-03-11
000832.SZ,2004-04-30,
000537.SZ,2004-05-10,2005-05-19
600788.SH,2004-05-10,
600844.SH,2004-05-10,2008-03-14
600864.SH,2004-05-10,2004-08-09
600752.SH,2004-05-11,
000805.SZ,2004-06-17,
000736.SZ,2004-07-26,2011-04-07
600737.SH,2004-07-26,2007-03-07
000583.SZ,2004-08-04,
600659.SH,2004-12-08,
600146.SH,2005-02-24,2006-04-26
000156.SZ,2005-03-22,2012-10-19
000650.SZ,2005-03-29,2008-02-26
600086.SH,2005-03-29,2006-06-05
600762.SH,2005-03-30,
600065.SH,2005-04-01,
000993.SZ,2005-04-05,2006-07-07
000813.SZ,2005-04-12,2006-03-16
000760.SZ,2005-04-14,2006-07-05
000856.SZ,2005-04-14,2007-01-11
000622.SZ,2005-04-20,2013-05-24
000887.SZ,2005-04-20,2008-03-07
600199.SH,2005-04-20,2007-05-15
600187.SH,2005-04-21,2010-08-26
000683.SZ,2005-04-25,2006-06-13
600767.SH,2005-04-26,2007-07-03
000862.SZ,2005-04-27,2007-05-14
600213.SH,2005-04-27,2008-05-09
000880.SZ,2005-04-28,2008-06-02
000791.SZ,2005-04-29,2007-03-09
000908.SZ,2005-04-29,2006-10-27
000863.SZ,2005-05-09,2012-08-03
600092.SH,2005-05-09,
000034.SZ,2005-05-10,2011-04-01
000631.SZ,2005-05-10,2009-06-05
600181.SH,2005-05-10,
600286.SH,2005-05-10,
600369.SH,2005-05-10,2009-02-26
600515.SH,2005-05-10,2012-09-03
600772.SH,2005-05-10,
000035.SZ,2005-07-01,2014-04-22
000596.SZ,2005-07-01,2007-03-21
600816.SH,2005-07-11,2006-06-06
000719.SZ,2005-11-14,2011-12-02
000517.SZ,2006-01-05,2010-04-14
000918.SZ,2006-03-01,2009-10-20
600313.SH,2006-03-08,2012-07-12
000509.SZ,2006-03-21,2014-05-19
600576.SH,2006-03-27,2007-06-01
000748.SZ,2006-03-31,2007-04-04
600705.SH,2006-04-11,2013-02-06
000979.SZ,2006-04-14,2010-03-17
000967.SZ,2006-04-17,2007-08-24
000004.SZ,2006-04-21,2011-06-08
000779.SZ,2006-04-21,2009-12-31
600076.SH,2006-04-21,2013-03-07
600890.SH,2006-04-21,2012-08-24
000757.SZ,2006-04-24,2013-04-19
000540.SZ,2006-04-25,2007-06-08
600093.SH,2006-04-25,2007-08-24
600173.SH,2006-04-25,2008-02-28
600209.SH,2006-04-25,2008-06-17
000633.SZ,2006-04-26,2013-05-13
000750.SZ,2006-04-26,2011-08-09
000789.SZ,2006-04-26,2007-04-06
000928.SZ,2006-04-26,2009-05-19
600516.SH,2006-04-26,2008-03-07
000670.SZ,2006-04-27,2013-05-20
000738.SZ,2006-04-28,2010-10-15
600225.SH,2006-04-28,2010-05-19
600657.SH,2006-04-28,2009-04-10
600745.SH,2006-04-28,2009-04-22
000672.SZ,2006-05-08,2013-04-26
000925.SZ,2006-05-08,2009-06-05
600429.SH,2006-05-08,2008-04-29
600609.SH,2006-05-08,2008-05-22
600703.SH,2006-05-08,2009-01-23
600711.SH,2006-05-08,2011-03-04
600773.SH,2006-05-08,2010-03-16
000010.SZ,2006-05-09,2013-10-18
000038.SZ,2006-05-09,2013-05-14
000403.SZ,2006-05-09,2018-11-22
000408.SZ,2006-05-09,2012-11-28
000506.SZ,2006-05-09,2010-04-02
000578.SZ,2006-05-09,2009-04-10
000632.SZ,2006-05-09,2007-05-14
000655.SZ,2006-05-09,2007-02-12
000693.SZ,2006-05-09,2014-01-10
000787.SZ,2006-05-09,
000820.SZ,2006-05-09,2007-06-01
000892.SZ,2006-05-09,2013-03-28
600136.SH,2006-05-09,2009-08-19
600242.SH,2006-05-09,2011-04-07
600248.SH,2006-05-09,2009-04-10
600259.SH,2006-05-09,2010-05-19
600419.SH,2006-05-09,2012-08-28
600614.SH,2006-05-09,2008-03-06
600645.SH,2006-05-09,2012-03-19
600656.SH,2006-05-09,2013-01-30
600721.SH,2006-05-09,2011-06-03
600728.SH,2006-05-09,2011-08-08
600734.SH,2006-05-09,2009-05-21
000688.SZ,2006-05-29,2013-04-26
000732.SZ,2006-06-13,2011-05-30
000921.SZ,2006-07-03,2013-04-23
600800.SH,2006-07-03,2012-08-31
000780.SZ,2006-11-01,2009-03-25
600155.SH,2007-02-16,2014-03-10
000430.SZ,2007-03-12,2012-04-25
000783.SZ,2007-03-21,2007-12-27
600714.SH,2007-03-27,2011-04-29
000728.SZ,2007-03-28,2007-10-30
000008.SZ,2007-03-30,2013-04-19
000150.SZ,2007-04-04,2008-05-15
000673.SZ,2007-04-05,2013-05-20
600984.SH,2007-04-06,2012-07-17
000413.SZ,2007-04-11,2008-04-23
600139.SH,2007-04-11,2009-05-20
000982.SZ,2007-04-13,2008-06-18
600223.SH,2007-04-13,2010-03-11
000545.SZ,2007-04-16,2008-04-11
000965.SZ,2007-04-16,2008-05-09
000569.SZ,2007-04-17,2008-07-16
000692.SZ,2007-04-17,2010-04-23
600080.SH,2007-04-17,2012-06-12
000922.SZ,2007-04-18,2013-01-25
600568.SH,2007-04-19,2009-08-27
000498.SZ,2007-04-20,2013-05-06
000007.SZ,2007-04-23,2012-05-04
000920.SZ,2007-04-23,2008-08-06
600386.SH,2007-04-23,2008-03-27
600052.SH,2007-04-24,2008-06-13
600462.SH,2007-04-24,2013-04-08
600828.SH,2007-04-24,2008-05-30
600699.SH,2007-04-25,2012-03-01
600706.SH,2007-04-25,2012-09-04
000048.SZ,2007-04-26,2012-05-31
000058.SZ,2007-04-27,2009-06-30
000735.SZ,2007-04-27,2008-05-27
000799.SZ,2007-04-27,2008-04-09
600084.SH,2007-04-27,2012-08-29
600599.SH,2007-04-27,2008-06-18
600988.SH,2007-04-27,2013-02-07
000605.SZ,2007-04-30,2013-03-22
000725.SZ,2007-04-30,2008-04-18
000981.SZ,2007-04-30,2012-04-09
600198.SH,2007-04-30,2009-06-05
600716.SH,2007-04-30,2010-04-02
600854.SH,2007-04-30,2012-05-18
000100.SZ,2007-05-08,2008-03-28
000681.SZ,2007-05-08,2013-08-19
000716.SZ,2007-05-08,2011-10-27
600094.SH,2007-05-08,2012-03-01
600101.SH,2007-05-08,2008-03-13
600207.SH,2007-05-08,2012-08-22
600217.SH,2007-05-08,2012-08-24
600381.SH,2007-05-08,2012-03-20
600466.SH,2007-05-08,2009-03-19
600552.SH,2007-05-08,2008-04-07
600556.SH,2007-05-08,2014-05-08
600579.SH,2007-05-08,2014-04-29
600608.SH,2007-05-08,2013-02-08
600610.SH,2007-05-08,2012-08-28
600671.SH,2007-05-08,2008-06-06
600722.SH,2007-05-08,2013-01-31
600757.SH,2007-05-08,2012-03-26
600003.SH,2007-07-03,
000018.SZ,2007-08-28,2014-03-13
600793.SH,2008-02-01,2016-11-21
600604.SH,2008-03-18,2012-09-05
600817.SH,2008-03-20,
600876.SH,2008-03-31,2011-04-19
600792.SH,2008-04-01,2011-11-01
600329.SH,2008-04-02,2009-04-24
000971.SZ,2008-04-14,2013-04-18
600212.SH,2008-04-15,2009-07-03
600372.SH,2008-04-15,2011-06-03
000011.SZ,2008-04-16,2009-09-16
000722.SZ,2008-04-16,2012-06-15
000906.SZ,2008-04-16,2009-04-03
000628.SZ,2008-04-22,2009-05-12
000657.SZ,2008-04-24,2013-11-25
600401.SH,2008-04-29,2012-05-11
000935.SZ,2008-04-30,2010-11-01
600771.SH,2008-04-30,2013-04-26
600057.SH,2008-05-05,2011-08-29
600275.SH,2008-05-05,2012-08-29
600421.SH,2008-05-05,2014-03-31
600868.SH,2008-05-05,2012-08-22
600870.SH,2008-05-05,2013-03-14
600180.SH,2008-06-27,2012-09-03
002075.SZ,2008-09-02,2011-04-08
002002.SZ,2008-12-29,2013-02-04
600506.SH,2009-03-13,2012-08-24
600633.SH,2009-03-24,2011-09-29
600591.SH,2009-03-26,
000585.SZ,2009-04-01,2010-04-14
000697.SZ,2009-04-10,2012-07-25
000856.SZ,2009-04-10,2012-08-08
600253.SH,2009-04-15,2010-04-27
000751.SZ,2009-04-16,2010-05-24
600115.SH,2009-04-17,2010-05-28
000576.SZ,2009-04-21,2013-04-15
000995.SZ,2009-04-22,2013-04-03
002145.SZ,2009-04-22,2012-12-27
600701.SH,2009-04-27,2010-07-01
000586.SZ,2009-04-28,2011-07-21
000955.SZ,2009-04-28,2013-05-08
000036.SZ,2009-04-29,2010-06-04
000505.SZ,2009-04-29,2014-04-16
000518.SZ,2009-04-29,2010-06-24
000720.SZ,2009-04-29,2013-05-17
600130.SH,2009-04-29,2012-07-17
600617.SH,2009-04-30,2014-03-25
600898.SH,2009-04-30,2011-11-14
600185.SH,2009-05-04,2010-02-12
600340.SH,2009-05-04,2011-11-02
600727.SH,2009-05-04,2012-06-27
600887.SH,2009-05-04,2010-06-09
600678.SH,2009-06-30,2013-02-04
600149.SH,2009-08-27,2012-08-22
000818.SZ,2009-12-02,2012-03-13
000908.SZ,2010-02-12,2014-03-11
600562.SH,2010-02-24,2012-08-24
600077.SH,2010-03-01,2011-11-01
000703.SZ,2010-03-08,2011-06-08
000902.SZ,2010-03-08,2011-04-12
000598.SZ,2010-03-10,2010-06-08
000415.SZ,2010-03-16,2011-10-26
600860.SH,2010-03-22,2012-08-23
600740.SH,2010-03-31,2011-05-03
000068.SZ,2010-04-01,2013-05-21
001896.SZ,2010-04-06,2011-04-19
600299.SH,2010-04-07,2012-08-30
600885.SH,2010-04-12,2013-02-26
000953.SZ,2010-04-13,2014-04-29
000820.SZ,2010-04-16,2013-06-19
600131.SH,2010-04-16,2011-04-14
600179.SH,2010-04-16,2012-08-27
600444.SH,2010-04-19,2012-09-03
600355.SH,2010-04-20,2012-08-23
000831.SZ,2010-04-21,2013-04-23
000504.SZ,2010-04-23,2015-03-31
600769.SH,2010-04-23,2014-04-04
600301.SH,2010-04-26,2012-08-28
000676.SZ,2010-04-27,2014-05-12
000760.SZ,2010-04-27,2011-08-05
000976.SZ,2010-04-27,2011-03-29
600209.SH,2010-04-27,2012-07-16
600455.SH,2010-04-27,2013-03-28
000629.SZ,2010-04-28,2011-03-28
000958.SZ,2010-04-28,2014-04-03
600373.SH,2010-04-28,2011-04-14
002072.SZ,2010-04-29,2013-05-23
600490.SH,2010-04-29,2012-09-04
600538.SH,2010-04-29,2012-08-24
600634.SH,2010-04-30,2014-04-08
600091.SH,2010-05-04,
600145.SH,2010-05-04,2012-08-29
600609.SH,2010-05-04,2012-08-22
002113.SZ,2010-10-20,2013-03-29
600203.SH,2011-01-27,2012-08-20
600365.SH,2011-02-16,2012-08-16
000602.SZ,2011-02-18,2012-04-16
600335.SH,2011-02-23,2012-04-27
000607.SZ,2011-04-19,2012-06-27
000595.SZ,2011-04-20,2013-04-03
000737.SZ,2011-04-25,2012-05-22
600074.SH,2011-04-26,2012-09-04
600228.SH,2011-04-26,2012-08-30
600281.SH,2011-04-27,2012-08-28
000545.SZ,2011-04-28,2013-07-26
002200.SZ,2011-05-04,2014-03-05
600671.SH,2011-05-04,2013-05-09
600766.SH,2011-05-04,2013-05-09
600539.SH,2011-06-30,2014-07-08
000677.SZ,2011-09-05,2013-07-03
600894.SH,2012-02-14,2012-08-31
000420.SZ,2012-02-28,2013-04-26
600733.SH,2012-03-16,2013-04-08
000669.SZ,2012-03-20,2013-01-14
600882.SH,2012-03-20,2012-11-23
002114.SZ,2012-03-23,2013-04-18
600532.SH,2012-03-30,2012-12-12
000585.SZ,2012-04-05,2013-04-19
000838.SZ,2012-04-05,2013-04-18
000899.SZ,2012-04-12,2013-05-02
600087.SH,2012-04-13,
000056.SZ,2012-04-23,2014-03-31
000662.SZ,2012-04-23,2013-05-29
000815.SZ,2012-04-24,2013-12-31
000751.SZ,2012-04-26,2014-08-06
000806.SZ,2012-04-26,2013-05-03
002102.SZ,2012-04-26,2013-05-07
000155.SZ,2012-04-27,2013-06-06
000767.SZ,2012-04-27,2013-04-25
002019.SZ,2012-04-27,2013-05-10
000972.SZ,2012-05-02,2013-11-06
600392.SH,2012-05-02,2013-05-02
600877.SH,2012-05-02,2013-05-10
600250.SH,2012-05-03,2013-05-06
600359.SH,2012-05-03,2013-04-10
600265.SH,2012-09-27,
002506.SZ,2013-02-01,2015-08-12
000717.SZ,2013-02-05,2014-03-24
002162.SZ,2013-02-08,2014-03-17
600381.SH,2013-03-06,2015-02-10
600961.SH,2013-03-15,2014-03-06
002265.SZ,2013-03-27,2014-04-03
000898.SZ,2013-03-29,2014-04-10
601919.SH,2013-03-29,2014-04-03
000617.SZ,2013-04-01,2014-04-23
600538.SH,2013-04-01,2014-02-24
600707.SH,2013-04-01,2014-03-14
600760.SH,2013-04-02,2014-03-07
600980.SH,2013-04-03,2014-03-26
002047.SZ,2013-04-15,2014-01-13
601268.SH,2013-04-24,
000520.SZ,2013-04-25,2015-08-18
600074.SH,2013-04-26,2014-05-14
000594.SZ,2013-05-02,
600319.SH,2013-05-02,2014-05-08
600444.SH,2013-05-02,2014-03-10
600301.SH,2013-05-03,
600358.SH,2013-05-03,2014-04-24
600555.SH,2013-05-03,2014-04-30
000822.SZ,2014-02-18,2015-03-24
002127.SZ,2014-03-11,2015-04-23
002160.SZ,2014-03-11,2015-03-20
600550.SH,2014-03-12,2015-03-18
002459.SZ,2014-03-17,2015-04-13
002015.SZ,2014-03-21,2016-02-25
000928.SZ,2014-03-24,2014-09-30
000755.SZ,2014-03-26,2015-05-07
000902.SZ,2014-03-27,2014-04-10
600598.SH,2014-03-28,2015-04-03
600610.SH,2014-03-28,2015-05-06
600075.SH,2014-03-31,2015-04-03
600860.SH,2014-03-31,2015-03-24
600871.SH,2014-03-31,2015-03-31
600072.SH,2014-04-01,2015-05-11
600247.SH,2014-04-10,
002373.SZ,2014-04-11,2014-06-16
002134.SZ,2014-04-14,2015-04-16
600689.SH,2014-04-15,2015-03-03
600306.SH,2014-04-16,2015-03-03
600299.SH,2014-04-17,2015-04-10
000779.SZ,2014-04-18,2015-03-30
002234.SZ,2014-04-22,2015-04-03
002164.SZ,2014-04-23,2015-03-16
002217.SZ,2014-04-25,2015-04-14
002006.SZ,2014-04-29,2015-03-02
002163.SZ,2014-04-29,2015-05-06
002248.SZ,2014-04-29,2015-04-30
600178.SH,2014-04-30,2015-04-27
600282.SH,2014-04-30,2015-02-10
000033.SZ,2014-05-05,2017-05-24
000659.SZ,2014-05-05,2016-04-27
600145.SH,2014-05-05,
600228.SH,2014-05-05,2015-03-19
601558.SH,2014-05-05,2015-05-04
002633.SZ,2015-01-28,2016-03-30
600715.SH,2015-01-30,2016-03-14
600163.SH,2015-02-11,2016-03-18
600984.SH,2015-02-25,2016-05-10
000711.SZ,2015-03-11,2016-02-16
000976.SZ,2015-03-11,2016-02-25
000677.SZ,2015-03-12,2016-03-25
600217.SH,2015-03-18,2016-03-09
002192.SZ,2015-03-23,2016-02-05
600069.SH,2015-03-24,2016-04-05
000068.SZ,2015-03-25,2016-04-12
600644.SH,2015-03-31,2016-03-10
600656.SH,2015-03-31,
000155.SZ,2015-04-02,2017-12-18
000927.SZ,2015-04-02,2016-04-18
000912.SZ,2015-04-09,2016-03-15
000510.SZ,2015-04-13,2016-04-29
600691.SH,2015-04-13,2016-04-21
000059.SZ,2015-04-15,2016-04-20
000815.SZ,2015-04-16,2016-03-25
600444.SH,2015-04-20,2016-04-25
600539.SH,2015-04-21,2016-05-11
600722.SH,2015-04-21,2016-02-05
000892.SZ,2015-04-23,2016-02-25
600401.SH,2015-04-24,2016-05-04
000799.SZ,2015-04-27,2016-04-25
000995.SZ,2015-04-28,2017-06-15
600710.SH,2015-04-28,2018-03-28
600608.SH,2015-04-29,2016-10-27
600732.SH,2015-04-29,
000611.SZ,2015-04-30,2017-06-08
002306.SZ,2015-04-30,2016-05-16
002417.SZ,2015-04-30,2016-03-23
002608.SZ,2015-04-30,2017-04-19
600962.SH,2015-04-30,2016-04-07
000590.SZ,2015-05-04,2016-04-12
600071.SH,2015-05-04,2016-03-09
600242.SH,2015-05-04,2016-04-07
600408.SH,2015-05-04,2016-03-15
600779.SH,2015-05-04,2016-05-09
600870.SH,2015-05-04,2016-04-06
600311.SH,2015-12-01,2016-04-07
600603.SH,2016-02-15,2017-03-28
002061.SZ,2016-03-01,2017-03-14
002109.SZ,2016-03-01,2017-03-28
600721.SH,2016-03-08,2017-03-20
600179.SH,2016-03-11,2016-11-03
000968.SZ,2016-03-21,2017-05-15
600675.SH,2016-03-22,2017-03-02
600230.SH,2016-03-25,2017-03-15
600319.SH,2016-03-29,2017-02-27
600581.SH,2016-03-30,2017-05-03
000606.SZ,2016-04-01,2017-03-14
000617.SZ,2016-04-01,2017-01-16
600806.SH,2016-04-01,
000037.SZ,2016-04-05,2017-04-17
000831.SZ,2016-04-11,2017-05-03
000856.SZ,2016-04-11,2017-04-07
600212.SH,2016-04-11,2017-02-23
600375.SH,2016-04-12,2017-03-08
600520.SH,2016-04-18,2017-04-25
002173.SZ,2016-04-19,2017-04-21
600339.SH,2016-04-19,2017-05-08
000933.SZ,2016-04-20,2017-05-02
000962.SZ,2016-04-20,2017-04-05
002336.SZ,2016-04-20,2017-04-28
000717.SZ,2016-04-21,2017-04-05
000913.SZ,2016-04-21,2017-05-15
002379.SZ,2016-04-22,2017-05-24
000950.SZ,2016-04-25,2018-08-28
600701.SH,2016-04-25,2017-02-14
000504.SZ,2016-04-26,2017-05-12
000505.SZ,2016-04-26,2017-05-19
002199.SZ,2016-04-26,2017-03-15
000633.SZ,2016-04-27,2017-05-18
002513.SZ,2016-04-27,2017-04-07
600306.SH,2016-04-27,2017-04-19
600760.SH,2016-04-27,2017-03-13
600866.SH,2016-04-27,2017-04-12
000408.SZ,2016-04-28,2017-05-23
000622.SZ,2016-04-29,2017-05-04
600346.SH,2016-04-29,2016-11-03
600390.SH,2016-04-29,2017-05-04
000629.SZ,2016-05-03,2018-08-24
000670.SZ,2016-05-03,2017-03-30
002289.SZ,2016-05-03,2017-05-18
002423.SZ,2016-05-03,2017-04-21
600234.SH,2016-05-03,
600432.SH,2016-05-03,
600546.SH,2016-05-03,2017-04-12
600725.SH,2016-05-03,
601918.SH,2016-05-03,2017-03-27
000511.SZ,2016-05-04,
000691.SZ,2016-05-04,2017-11-29
000693.SZ,2016-05-04,2019-05-27
002069.SZ,2016-05-04,2017-04-05
600381.SH,2016-06-29,2016-11-21
600539.SH,2016-07-15,2017-04-17
600556.SH,2016-09-13,
000710.SZ,2017-03-01,2017-08-28
000953.SZ,2017-03-02,
600228.SH,2017-03-14,
000803.SZ,2017-03-20,2018-10-29
000922.SZ,2017-03-21,2018-11-27
600225.SH,2017-03-21,2018-05-07
600860.SH,2017-03-21,2018-04-04
600733.SH,2017-03-22,2018-08-31
600403.SH,2017-03-27,2018-04-12
600608.SH,2017-03-27,
600680.SH,2017-03-28,
000595.SZ,2017-03-29,2018-05-18
000755.SZ,2017-03-29,2018-11-14
600696.SH,2017-03-29,
600636.SH,2017-03-30,2018-05-02
000613.SZ,2017-04-05,2018-03-15
601005.SH,2017-04-05,2018-03-09
002490.SZ,2017-04-07,2018-04-16
000526.SZ,2017-04-11,2018-05-23
600425.SH,2017-04-11,2018-05-03
000972.SZ,2017-04-18,
600121.SH,2017-04-19,2018-04-12
600767.SH,2017-04-21,
601106.SH,2017-04-21,2018-05-09
000780.SZ,2017-04-24,2018-05-11
002571.SZ,2017-04-25,2018-04-10
000809.SZ,2017-04-26,2018-06-11
601558.SH,2017-04-26,
002248.SZ,2017-04-27,2018-04-16
002306.SZ,2017-04-27,
600112.SH,2017-04-27,2018-05-07
002207.SZ,2017-04-28,
002312.SZ,2017-04-28,2018-05-09
600149.SH,2017-04-28,
002134.SZ,2017-05-02,2018-04-19
002473.SZ,2017-05-02,2019-03-19
600275.SH,2017-05-02,
600540.SH,2017-05-02,2018-04-09
600815.SH,2017-05-02,2018-05-09
601519.SH,2017-05-02,2018-05-10
000410.SZ,2017-05-03,2018-03-01
000659.SZ,2017-05-03,2018-04-25
000932.SZ,2017-05-03,2018-03-09
000982.SZ,2017-05-03,
002070.SZ,2017-05-03,
002504.SZ,2017-05-03,2018-05-11
600401.SH,2017-05-03,
600423.SH,2017-05-03,
600654.SH,2017-05-03,
600747.SH,2017-05-03,
600844.SH,2017-05-03,2018-03-02
600847.SH,2017-05-03,2018-05-09
600877.SH,2017-05-03,
000912.SZ,2017-12-15,2019-04-15
600289.SH,2017-12-27,
600074.SH,2017-12-29,
600421.SH,2018-01-11,
002604.SZ,2018-01-19,
002188.SZ,2018-02-08,
002427.SZ,2018-02-08,
000737.SZ,2018-02-14,
600871.SH,2018-03-29,2019-04-02
000585.SZ,2018-04-02,
600321.SH,2018-04-12,
000655.SZ,2018-04-13,2019-04-09
600397.SH,2018-04-19,2019-04-22
000720.SZ,2018-04-23,2019-04-26
000422.SZ,2018-04-24,
600150.SH,2018-04-24,2019-03-29
600209.SH,2018-04-24,
600408.SH,2018-04-24,
600202.SH,2018-04-25,2019-04-02
600539.SH,2018-04-25,
601798.SH,2018-04-25,
600238.SH,2018-04-26,
600778.SH,2018-04-26,2019-05-07
000816.SZ,2018-04-27,
002194.SZ,2018-04-27,
002570.SZ,2018-04-27,2019-04-18
600198.SH,2018-04-27,2019-04-24
600870.SH,2018-04-27,
000707.SZ,2018-05-02,
002018.SZ,2018-05-02,
002260.SZ,2018-05-02,
002263.SZ,2018-05-02,
600749.SH,2018-05-02,2019-04-10
000893.SZ,2018-05-03,
000995.SZ,2018-05-03,
002122.SZ,2018-05-03,
002552.SZ,2018-05-03,2019-03-06
600193.SH,2018-05-03,
600634.SH,2018-05-03,
600701.SH,2018-05-03,
600807.SH,2018-05-03,
600896.SH,2018-05-03,2019-04-08
000409.SZ,2018-06-25,
600399.SH,2018-06-27,
000048.SZ,2018-07-02,
000939.SZ,2018-07-02,
600610.SH,2018-07-02,
002323.SZ,2018-07-06,
002680.SZ,2018-07-26,
002496.SZ,2018-08-14,2019-02-11
603188.SH,2018-08-14,2018-11-07
002259.SZ,2018-10-09,
002102.SZ,2018-10-16,
002445.SZ,2018-10-31,
002147.SZ,2018-12-04,
601975.SH,2019-01-08,2019-03-29
600462.SH,2019-01-15,
002450.SZ,2019-01-23,
002086.SZ,2019-02-18,
000897.SZ,2019-03-21,
002190.SZ,2019-03-25,
000670.SZ,2019-03-27,
000971.SZ,2019-03-28,
002113.SZ,2019-03-28,
000806.SZ,2019-03-29,
600698.SH,2019-03-29,
000911.SZ,2019-04-04,
002143.SZ,2019-04-08,
000752.SZ,2019-04-10,
600891.SH,2019-04-10,
000820.SZ,2019-04-12,
600687.SH,2019-04-12,
000571.SZ,2019-04-16,
000868.SZ,2019-04-17,
002336.SZ,2019-04-17,
600526.SH,2019-04-22,
000572.SZ,2019-04-24,
002711.SZ,2019-04-24,
000010.SZ,2019-04-26,
002200.SZ,2019-04-26,
002289.SZ,2019-04-26,
002477.SZ,2019-04-26,
002499.SZ,2019-04-26,
002642.SZ,2019-04-26,
600084.SH,2019-04-26,
600385.SH,2019-04-26,
002175.SZ,2019-04-29,
002872.SZ,2019-04-29,
600186.SH,2019-04-29,
600396.SH,2019-04-29,
600614.SH,2019-04-29,
600615.SH,2019-04-29,
600666.SH,2019-04-29,
000792.SZ,2019-04-30,
002005.SZ,2019-04-30,
002021.SZ,2019-04-30,
002420.SZ,2019-04-30,
002569.SZ,2019-04-30,
002629.SZ,2019-04-30,
600240.SH,2019-04-30,
600485.SH,2019-04-30,
600721.SH,2019-04-30,
600726.SH,2019-04-30,
600815.SH,2019-04-30,
000018.SZ,2019-05-06,
000504.SZ,2019-05-06,
000611.SZ,2019-05-06,
000760.SZ,2019-05-06,
000981.SZ,2019-05-06,
002072.SZ,2019-05-06,
002089.SZ,2019-05-06,
002210.SZ,2019-05-06,
002290.SZ,2019-05-06,
002333.SZ,2019-05-06,
002356.SZ,2019-05-06,
002359.SZ,2019-05-06,
002501.SZ,2019-05-06,
002684.SZ,2019-05-06,
002766.SZ,2019-05-06,
600119.SH,2019-05-06,
600595.SH,2019-05-06,
600652.SH,2019-05-06,
600518.SH,2019-05-21,
600112.SH,2019-05-24,
002220.SZ,2019-05-28,
002586.SZ,2019-05-29,
603996.SH,2019-05-29,
002692.SZ,2019-06-04,
600179.SH,2019-06-19,
603810.SH,2019-07-16,
