stockcode,stockname,ipo_date
000001.SZ,平安银行,1991/4/3
000002.SZ,万科A,1991/1/29
000004.SZ,国农科技,1991/1/14
000005.SZ,世纪星源,1990/12/10
000006.SZ,深振业A,1992/4/27
000007.SZ,全新好,1992/4/13
000008.SZ,神州高铁,1992/5/7
000009.SZ,中国宝安,1991/6/25
000010.SZ,*ST美丽,1995/10/27
000011.SZ,深物业A,1992/3/30
000012.SZ,南玻A,1992/2/28
000014.SZ,沙河股份,1992/6/2
000016.SZ,深康佳A,1992/3/27
000017.SZ,深中华A,1992/3/31
000019.SZ,深粮控股,1992/10/12
000020.SZ,深华发A,1992/4/28
000021.SZ,深科技,1994/2/2
000023.SZ,深天地A,1993/4/29
000025.SZ,特力A,1993/6/21
000026.SZ,飞亚达,1993/6/3
000027.SZ,深圳能源,1993/9/3
000028.SZ,国药一致,1993/8/9
000029.SZ,深深房A,1993/9/15
000030.SZ,富奥股份,1993/9/29
000031.SZ,大悦城,1993/10/8
000032.SZ,深桑达A,1993/10/28
000034.SZ,神州数码,1994/5/9
000035.SZ,中国天楹,1994/4/8
000036.SZ,华联控股,1994/6/17
000037.SZ,深南电A,1994/7/1
000038.SZ,深大通,1994/8/8
000039.SZ,中集集团,1994/4/8
000040.SZ,东旭蓝天,1994/8/8
000042.SZ,中洲控股,1994/9/21
000045.SZ,深纺织A,1994/8/15
000046.SZ,泛海控股,1994/9/12
000048.SZ,康达尔,1994/11/1
000049.SZ,德赛电池,1995/3/20
000050.SZ,深天马A,1995/3/15
000055.SZ,方大集团,1996/4/15
000056.SZ,皇庭国际,1996/7/8
000058.SZ,深赛格,1996/12/26
000059.SZ,华锦股份,1997/1/30
000060.SZ,中金岭南,1997/1/23
000061.SZ,农产品,1997/1/10
000062.SZ,深圳华强,1997/1/30
000063.SZ,中兴通讯,1997/11/18
000065.SZ,北方国际,1998/6/5
000066.SZ,中国长城,1997/6/26
000068.SZ,华控赛格,1997/6/11
000069.SZ,华侨城A,1997/9/10
000070.SZ,特发信息,2000/5/11
000078.SZ,海王生物,1998/12/18
000088.SZ,盐田港,1997/7/28
000089.SZ,深圳机场,1998/4/20
000090.SZ,天健集团,1999/7/21
000096.SZ,广聚能源,2000/7/24
000099.SZ,中信海直,2000/7/31
000100.SZ,TCL科技,2004/1/30
000150.SZ,宜华健康,2000/8/7
000151.SZ,中成股份,2000/9/6
000153.SZ,丰原药业,2000/9/20
000155.SZ,川能动力,2000/9/26
000156.SZ,华数传媒,2000/9/6
000157.SZ,中联重科,2000/10/12
000158.SZ,常山北明,2000/7/24
000159.SZ,国际实业,2000/9/26
000166.SZ,申万宏源,2015/1/26
000301.SZ,东方盛虹,2000/5/29
000333.SZ,美的集团,2013/9/18
000338.SZ,潍柴动力,2007/4/30
000400.SZ,许继电气,1997/4/18
000401.SZ,冀东水泥,1996/6/14
000402.SZ,金融街,1996/6/26
000403.SZ,双林生物,1996/6/28
000404.SZ,长虹华意,1996/6/19
000407.SZ,胜利股份,1996/7/3
000408.SZ,藏格控股,1996/6/28
000409.SZ,ST地矿,1996/6/27
000410.SZ,*ST沈机,1996/7/18
000411.SZ,英特集团,1996/7/16
000413.SZ,东旭光电,1996/9/25
000415.SZ,渤海租赁,1996/7/16
000416.SZ,民生控股,1996/7/19
000417.SZ,合肥百货,1996/8/12
000419.SZ,通程控股,1996/8/16
000420.SZ,吉林化纤,1996/8/2
000421.SZ,南京公用,1996/8/6
000422.SZ,ST宜化,1996/8/15
000423.SZ,东阿阿胶,1996/7/29
000425.SZ,徐工机械,1996/8/28
000426.SZ,兴业矿业,1996/8/28
000428.SZ,华天酒店,1996/8/8
000429.SZ,粤高速A,1998/2/20
000430.SZ,张家界,1996/8/29
000488.SZ,晨鸣纸业,2000/11/20
000498.SZ,山东路桥,1997/6/9
000501.SZ,鄂武商A,1992/11/20
000502.SZ,绿景控股,1992/11/23
000503.SZ,国新健康,1992/11/30
000504.SZ,*ST生物,1992/12/8
000505.SZ,京粮控股,1992/12/21
000506.SZ,中润资源,1993/3/12
000507.SZ,珠海港,1993/3/26
000509.SZ,华塑控股,1993/5/7
000510.SZ,新金路,1993/5/7
000513.SZ,丽珠集团,1993/10/28
000514.SZ,渝开发,1993/7/12
000516.SZ,国际医学,1993/8/9
000517.SZ,荣安地产,1993/8/6
000518.SZ,四环生物,1993/9/8
000519.SZ,中兵红箭,1993/10/8
000520.SZ,长航凤凰,1993/10/25
000521.SZ,长虹美菱,1993/10/18
000523.SZ,广州浪奇,1993/11/8
000524.SZ,岭南控股,1993/11/18
000525.SZ,红太阳,1993/10/28
000526.SZ,紫光学大,1993/11/1
000528.SZ,柳工,1993/11/18
000529.SZ,广弘控股,1993/11/18
000530.SZ,冰山冷热,1993/12/8
000531.SZ,穗恒运A,1994/1/6
000532.SZ,华金资本,1994/1/3
000533.SZ,顺钠股份,1994/1/3
000534.SZ,万泽股份,1994/1/10
000536.SZ,华映科技,1993/11/26
000537.SZ,广宇发展,1993/12/10
000538.SZ,云南白药,1993/12/15
000539.SZ,粤电力A,1993/11/26
000540.SZ,中天金融,1994/2/2
000541.SZ,佛山照明,1993/11/23
000543.SZ,皖能电力,1993/12/20
000544.SZ,中原环保,1993/12/8
000545.SZ,金浦钛业,1993/12/15
000546.SZ,金圆股份,1993/12/15
000547.SZ,航天发展,1993/11/30
000548.SZ,湖南投资,1993/12/20
000550.SZ,江铃汽车,1993/12/1
000551.SZ,创元科技,1994/1/6
000552.SZ,靖远煤电,1994/1/6
000553.SZ,安道麦A,1993/12/3
000554.SZ,泰山石油,1993/12/15
000555.SZ,神州信息,1994/4/8
000557.SZ,西部创业,1994/6/17
000558.SZ,莱茵体育,1994/5/9
000559.SZ,万向钱潮,1994/1/10
000560.SZ,我爱我家,1994/2/2
000561.SZ,烽火电子,1994/5/9
000563.SZ,陕国投A,1994/1/10
000564.SZ,供销大集,1994/1/10
000565.SZ,渝三峡A,1994/4/8
000566.SZ,海南海药,1994/5/25
000567.SZ,海德股份,1994/5/25
000568.SZ,泸州老窖,1994/5/9
000570.SZ,苏常柴A,1994/7/1
000571.SZ,*ST大洲,1994/5/25
000572.SZ,*ST海马,1994/8/8
000573.SZ,粤宏远A,1994/8/15
000576.SZ,广东甘化,1994/9/7
000581.SZ,威孚高科,1998/9/24
000582.SZ,北部湾港,1995/11/2
000584.SZ,哈工智能,1995/11/28
000585.SZ,ST东电,1995/12/13
000586.SZ,汇源通信,1995/12/20
000587.SZ,金洲慈航,1996/4/25
000589.SZ,贵州轮胎,1996/3/8
000590.SZ,启迪古汉,1996/1/19
000591.SZ,太阳能,1996/2/8
000592.SZ,平潭发展,1996/3/27
000593.SZ,大通燃气,1996/3/12
000595.SZ,宝塔实业,1996/4/19
000596.SZ,古井贡酒,1996/9/27
000597.SZ,东北制药,1996/5/23
000598.SZ,兴蓉环境,1996/5/29
000599.SZ,青岛双星,1996/4/30
000600.SZ,建投能源,1996/6/6
000601.SZ,韶能股份,1996/8/30
000603.SZ,盛达资源,1996/8/23
000605.SZ,渤海股份,1996/9/13
000606.SZ,顺利办,1996/10/4
000607.SZ,华媒控股,1996/8/30
000608.SZ,阳光股份,1996/9/19
000609.SZ,中迪投资,1996/10/10
000610.SZ,西安旅游,1996/9/26
000611.SZ,*ST天首,1996/10/8
000612.SZ,焦作万方,1996/9/26
000613.SZ,大东海A,1997/1/28
000615.SZ,京汉股份,1996/10/16
000616.SZ,海航投资,1996/11/8
000617.SZ,中油资本,1996/10/22
000619.SZ,海螺型材,1996/10/23
000620.SZ,新华联,1996/10/29
000622.SZ,恒立实业,1996/11/7
000623.SZ,吉林敖东,1996/10/28
000625.SZ,长安汽车,1997/6/10
000626.SZ,远大控股,1996/11/28
000627.SZ,天茂集团,1996/11/12
000628.SZ,高新发展,1996/11/18
000629.SZ,攀钢钒钛,1996/11/15
000630.SZ,铜陵有色,1996/11/20
000631.SZ,顺发恒业,1996/11/22
000632.SZ,三木集团,1996/11/21
000633.SZ,合金投资,1996/11/12
000635.SZ,英力特,1996/11/20
000636.SZ,风华高科,1996/11/29
000637.SZ,茂化实华,1996/11/14
000638.SZ,万方发展,1996/11/26
000639.SZ,西王食品,1996/11/26
000650.SZ,仁和药业,1996/12/10
000651.SZ,格力电器,1996/11/18
000652.SZ,泰达股份,1996/11/28
000655.SZ,金岭矿业,1996/11/28
000656.SZ,金科股份,1996/11/28
000657.SZ,中钨高新,1996/12/5
000659.SZ,珠海中富,1996/12/3
000661.SZ,长春高新,1996/12/18
000662.SZ,天夏智慧,1996/12/16
000663.SZ,永安林业,1996/12/6
000665.SZ,湖北广电,1996/12/10
000666.SZ,经纬纺机,1996/12/10
000667.SZ,美好置业,1996/12/5
000668.SZ,荣丰控股,1996/12/10
000669.SZ,金鸿控股,1996/12/10
000670.SZ,*ST盈方,1996/12/17
000671.SZ,阳光城,1996/12/18
000672.SZ,上峰水泥,1996/12/18
000673.SZ,当代东方,1997/1/24
000676.SZ,智度股份,1996/12/24
000677.SZ,恒天海龙,1996/12/26
000678.SZ,襄阳轴承,1997/1/6
000679.SZ,大连友谊,1997/1/24
000680.SZ,山推股份,1997/1/22
000681.SZ,视觉中国,1997/1/21
000682.SZ,东方电子,1997/1/21
000683.SZ,远兴能源,1997/1/31
000685.SZ,中山公用,1997/1/23
000686.SZ,东北证券,1997/2/27
000687.SZ,华讯方舟,1997/2/21
000688.SZ,国城矿业,1997/1/20
000690.SZ,宝新能源,1997/1/28
000691.SZ,亚太实业,1997/2/28
000692.SZ,惠天热电,1997/2/27
000695.SZ,滨海能源,1997/2/18
000697.SZ,炼石航空,1997/3/25
000698.SZ,沈阳化工,1997/2/20
000700.SZ,模塑科技,1997/2/28
000701.SZ,厦门信达,1997/2/26
000702.SZ,正虹科技,1997/3/18
000703.SZ,恒逸石化,1997/3/28
000705.SZ,浙江震元,1997/4/10
000707.SZ,ST双环,1997/4/15
000708.SZ,中信特钢,1997/3/26
000709.SZ,河钢股份,1997/4/16
000710.SZ,贝瑞基因,1997/4/22
000711.SZ,京蓝科技,1997/4/11
000712.SZ,锦龙股份,1997/4/15
000713.SZ,丰乐种业,1997/4/22
000715.SZ,中兴商业,1997/5/8
000716.SZ,黑芝麻,1997/4/18
000717.SZ,韶钢松山,1997/5/8
000718.SZ,苏宁环球,1997/4/8
000719.SZ,中原传媒,1997/3/31
000720.SZ,新能泰山,1997/5/9
000721.SZ,西安饮食,1997/4/30
000722.SZ,湖南发展,1997/5/22
000723.SZ,美锦能源,1997/5/15
000725.SZ,京东方A,2001/1/12
000726.SZ,鲁泰A,2000/12/25
000727.SZ,华东科技,1997/5/20
000728.SZ,国元证券,1997/6/16
000729.SZ,燕京啤酒,1997/7/16
000731.SZ,四川美丰,1997/6/17
000732.SZ,泰禾集团,1997/7/4
000733.SZ,振华科技,1997/7/3
000735.SZ,罗牛山,1997/6/11
000736.SZ,中交地产,1997/4/25
000737.SZ,ST南风,1997/4/28
000738.SZ,航发控制,1997/6/26
000739.SZ,普洛药业,1997/5/9
000750.SZ,国海证券,1997/7/9
000751.SZ,锌业股份,1997/6/26
000752.SZ,*ST西发,1997/6/25
000753.SZ,漳州发展,1997/6/26
000755.SZ,山西路桥,1997/6/27
000756.SZ,新华制药,1997/8/6
000757.SZ,浩物股份,1997/6/27
000758.SZ,中色股份,1997/4/16
000759.SZ,中百集团,1997/5/19
000760.SZ,*ST斯太,1997/6/27
000761.SZ,本钢板材,1998/1/15
000762.SZ,西藏矿业,1997/7/8
000766.SZ,通化金马,1997/4/30
000767.SZ,漳泽电力,1997/6/9
000768.SZ,中航飞机,1997/6/26
000776.SZ,广发证券,1997/6/11
000777.SZ,中核科技,1997/7/10
000778.SZ,新兴铸管,1997/6/6
000779.SZ,甘咨询,1997/5/28
000780.SZ,平庄能源,1997/6/6
000782.SZ,美达股份,1997/6/19
000783.SZ,长江证券,1997/7/31
000785.SZ,居然之家,1997/7/11
000786.SZ,北新建材,1997/6/6
000788.SZ,北大医药,1997/6/16
000789.SZ,万年青,1997/9/23
000790.SZ,泰合健康,1998/3/27
000791.SZ,甘肃电投,1997/10/14
000792.SZ,*ST盐湖,1997/9/4
000793.SZ,华闻集团,1997/7/29
000795.SZ,英洛华,1997/8/8
000796.SZ,凯撒旅业,1997/7/3
000797.SZ,中国武夷,1997/7/15
000798.SZ,中水渔业,1998/2/12
000799.SZ,酒鬼酒,1997/7/18
000800.SZ,一汽轿车,1997/6/18
000801.SZ,四川九洲,1998/5/6
000802.SZ,北京文化,1998/1/8
000803.SZ,金宇车城,1998/3/3
000806.SZ,ST银河,1998/4/16
000807.SZ,云铝股份,1998/4/8
000809.SZ,铁岭新城,1998/6/16
000810.SZ,创维数字,1998/6/2
000811.SZ,冰轮环境,1998/5/28
000812.SZ,陕西金叶,1998/6/23
000813.SZ,德展健康,1998/5/19
000815.SZ,美利云,1998/6/9
000816.SZ,ST慧业,1997/8/18
000818.SZ,航锦科技,1997/10/17
000819.SZ,岳阳兴长,1997/6/25
000820.SZ,*ST节能,1998/6/30
000821.SZ,京山轻机,1998/6/26
000822.SZ,山东海化,1998/7/3
000823.SZ,超声电子,1997/10/8
000825.SZ,太钢不锈,1998/10/21
000826.SZ,启迪环境,1998/2/25
000828.SZ,东莞控股,1997/6/17
000829.SZ,天音控股,1997/12/2
000830.SZ,鲁西化工,1998/8/7
000831.SZ,五矿稀土,1998/9/11
000833.SZ,粤桂股份,1998/11/11
000835.SZ,长城动漫,1999/6/25
000836.SZ,富通鑫茂,1997/9/29
000837.SZ,秦川机床,1998/9/28
000838.SZ,财信发展,1997/6/26
000839.SZ,中信国安,1997/10/31
000848.SZ,承德露露,1997/11/13
000850.SZ,华茂股份,1998/10/7
000851.SZ,高鸿股份,1998/6/9
000852.SZ,石化机械,1998/11/26
000856.SZ,冀东装备,1998/8/13
000858.SZ,五粮液,1998/4/27
000859.SZ,国风塑业,1998/11/19
000860.SZ,顺鑫农业,1998/11/4
000861.SZ,海印股份,1998/10/28
000862.SZ,银星能源,1998/9/15
000863.SZ,三湘印象,1997/9/25
000868.SZ,*ST安凯,1997/7/25
000869.SZ,张裕A,2000/10/26
000875.SZ,吉电股份,2002/9/26
000876.SZ,新希望,1998/3/11
000877.SZ,天山股份,1999/1/7
000878.SZ,云南铜业,1998/6/2
000880.SZ,潍柴重机,1998/4/2
000881.SZ,中广核技,1998/9/2
000882.SZ,华联股份,1998/6/16
000883.SZ,湖北能源,1998/5/19
000885.SZ,城发环境,1999/3/19
000886.SZ,海南高速,1998/1/23
000887.SZ,中鼎股份,1998/12/3
000888.SZ,峨眉山A,1997/10/21
000889.SZ,中嘉博创,1997/12/18
000890.SZ,法尔胜,1999/1/19
000892.SZ,欢瑞世纪,1999/1/15
000893.SZ,东凌国际,1998/12/24
000895.SZ,双汇发展,1998/12/10
000897.SZ,*ST津滨,1999/4/22
000898.SZ,鞍钢股份,1997/12/25
000899.SZ,赣能股份,1997/11/26
000900.SZ,现代投资,1999/1/28
000901.SZ,航天科技,1999/4/1
000902.SZ,新洋丰,1999/4/8
000903.SZ,云内动力,1999/4/15
000905.SZ,厦门港务,1999/4/29
000906.SZ,浙商中拓,1999/7/7
000908.SZ,景峰医药,1999/2/3
000909.SZ,数源科技,1999/5/7
000910.SZ,大亚圣象,1999/6/30
000911.SZ,*ST南糖,1999/5/27
000912.SZ,泸天化,1999/6/3
000913.SZ,钱江摩托,1999/5/14
000915.SZ,山大华特,1999/6/9
000917.SZ,电广传媒,1999/3/25
000918.SZ,嘉凯城,1999/7/20
000919.SZ,金陵药业,1999/11/18
000920.SZ,南方汇通,1999/6/16
000921.SZ,海信家电,1999/7/13
000922.SZ,佳电股份,1999/6/18
000923.SZ,河钢资源,1999/7/14
000925.SZ,众合科技,1999/6/11
000926.SZ,福星股份,1999/6/18
000927.SZ,一汽夏利,1999/7/27
000928.SZ,中钢国际,1999/3/12
000929.SZ,兰州黄河,1999/6/23
000930.SZ,中粮科技,1999/7/12
000931.SZ,中关村,1999/7/12
000932.SZ,华菱钢铁,1999/8/3
000933.SZ,神火股份,1999/8/31
000935.SZ,四川双马,1999/8/24
000936.SZ,华西股份,1999/8/10
000937.SZ,冀中能源,1999/9/9
000938.SZ,紫光股份,1999/11/4
000939.SZ,*ST凯迪,1999/9/23
000948.SZ,南天信息,1999/10/14
000949.SZ,新乡化纤,1999/10/21
000950.SZ,重药控股,1999/9/16
000951.SZ,中国重汽,1999/11/25
000952.SZ,广济药业,1999/11/12
000953.SZ,*ST河化,1999/12/2
000955.SZ,欣龙控股,1999/12/9
000957.SZ,中通客车,2000/1/13
000958.SZ,东方能源,1999/12/23
000959.SZ,首钢股份,1999/12/16
000960.SZ,锡业股份,2000/2/21
000961.SZ,中南建设,2000/3/1
000962.SZ,东方钽业,2000/1/20
000963.SZ,华东医药,2000/1/27
000965.SZ,天保基建,2000/4/6
000966.SZ,长源电力,2000/3/16
000967.SZ,盈峰环境,2000/3/30
000968.SZ,蓝焰控股,2000/6/22
000969.SZ,安泰科技,2000/5/29
000970.SZ,中科三环,2000/4/20
000971.SZ,*ST高升,2000/4/27
000972.SZ,ST中基,2000/9/26
000973.SZ,佛塑科技,2000/5/25
000975.SZ,银泰黄金,2000/6/8
000976.SZ,华铁股份,2000/6/1
000977.SZ,浪潮信息,2000/6/8
000978.SZ,桂林旅游,2000/5/18
000980.SZ,众泰汽车,2000/6/16
000981.SZ,ST银亿,2000/6/22
000982.SZ,*ST中绒,2000/7/6
000983.SZ,西山煤电,2000/7/26
000985.SZ,大庆华科,2000/7/26
000987.SZ,越秀金控,2000/7/18
000988.SZ,华工科技,2000/6/8
000989.SZ,九芝堂,2000/6/28
000990.SZ,诚志股份,2000/7/6
000993.SZ,闽东电力,2000/7/31
000995.SZ,*ST皇台,2000/8/7
000996.SZ,中国中期,2000/7/18
000997.SZ,新大陆,2000/8/7
000998.SZ,隆平高科,2000/12/11
000999.SZ,华润三九,2000/3/9
001696.SZ,宗申动力,1997/3/6
001872.SZ,招商港口,1993/5/5
001896.SZ,豫能控股,1998/1/22
001914.SZ,招商积余,1994/9/28
001965.SZ,招商公路,2017/12/25
001979.SZ,招商蛇口,2015/12/30
002001.SZ,新和成,2004/6/25
002002.SZ,鸿达兴业,2004/6/25
002003.SZ,伟星股份,2004/6/25
002004.SZ,华邦健康,2004/6/25
002005.SZ,*ST德豪,2004/6/25
002006.SZ,精功科技,2004/6/25
002007.SZ,华兰生物,2004/6/25
002008.SZ,大族激光,2004/6/25
002009.SZ,天奇股份,2004/6/29
002010.SZ,传化智联,2004/6/29
002011.SZ,盾安环境,2004/7/5
002012.SZ,凯恩股份,2004/7/5
002013.SZ,中航机电,2004/7/5
002014.SZ,永新股份,2004/7/8
002015.SZ,协鑫能科,2004/7/8
002016.SZ,世荣兆业,2004/7/8
002017.SZ,东信和平,2004/7/13
002019.SZ,亿帆医药,2004/7/13
002020.SZ,京新药业,2004/7/15
002021.SZ,*ST中捷,2004/7/15
002022.SZ,科华生物,2004/7/21
002023.SZ,海特高新,2004/7/21
002024.SZ,苏宁易购,2004/7/21
002025.SZ,航天电器,2004/7/26
002026.SZ,山东威达,2004/7/27
002027.SZ,分众传媒,2004/8/4
002028.SZ,思源电气,2004/8/5
002029.SZ,七匹狼,2004/8/6
002030.SZ,达安基因,2004/8/9
002031.SZ,巨轮智能,2004/8/16
002032.SZ,苏泊尔,2004/8/17
002033.SZ,丽江旅游,2004/8/25
002034.SZ,旺能环境,2004/8/26
002035.SZ,华帝股份,2004/9/1
002036.SZ,联创电子,2004/9/3
002037.SZ,保利联合,2004/9/8
002038.SZ,双鹭药业,2004/9/9
002039.SZ,黔源电力,2005/3/3
002040.SZ,南京港,2005/3/25
002041.SZ,登海种业,2005/4/18
002042.SZ,华孚时尚,2005/4/27
002043.SZ,兔宝宝,2005/5/10
002044.SZ,美年健康,2005/5/18
002045.SZ,国光电器,2005/5/23
002046.SZ,轴研科技,2005/5/26
002047.SZ,宝鹰股份,2005/5/31
002048.SZ,宁波华翔,2005/6/3
002049.SZ,紫光国微,2005/6/6
002050.SZ,三花智控,2005/6/7
002051.SZ,中工国际,2006/6/19
002052.SZ,同洲电子,2006/6/27
002053.SZ,云南能投,2006/6/27
002054.SZ,德美化工,2006/7/25
002055.SZ,得润电子,2006/7/25
002056.SZ,横店东磁,2006/8/2
002057.SZ,中钢天源,2006/8/2
002058.SZ,威尔泰,2006/8/2
002059.SZ,云南旅游,2006/8/10
002060.SZ,粤水电,2006/8/10
002061.SZ,浙江交科,2006/8/16
002062.SZ,宏润建设,2006/8/16
002063.SZ,远光软件,2006/8/23
002064.SZ,华峰氨纶,2006/8/23
002065.SZ,东华软件,2006/8/23
002066.SZ,瑞泰科技,2006/8/23
002067.SZ,景兴纸业,2006/9/15
002068.SZ,黑猫股份,2006/9/15
002069.SZ,獐子岛,2006/9/28
002071.SZ,长城影视,2006/10/12
002072.SZ,*ST凯瑞,2006/10/18
002073.SZ,软控股份,2006/10/18
002074.SZ,国轩高科,2006/10/18
002075.SZ,沙钢股份,2006/10/25
002076.SZ,雪莱特,2006/10/25
002077.SZ,大港股份,2006/11/16
002078.SZ,太阳纸业,2006/11/16
002079.SZ,苏州固锝,2006/11/16
002080.SZ,中材科技,2006/11/20
002081.SZ,金螳螂,2006/11/20
002082.SZ,万邦德,2006/11/20
002083.SZ,孚日股份,2006/11/24
002084.SZ,海鸥住工,2006/11/24
002085.SZ,万丰奥威,2006/11/28
002086.SZ,ST东海洋,2006/11/28
002087.SZ,新野纺织,2006/11/30
002088.SZ,鲁阳节能,2006/11/30
002089.SZ,*ST新海,2006/11/30
002090.SZ,金智科技,2006/12/8
002091.SZ,江苏国泰,2006/12/8
002092.SZ,中泰化学,2006/12/8
002093.SZ,国脉科技,2006/12/15
002094.SZ,青岛金王,2006/12/15
002095.SZ,生意宝,2006/12/15
002096.SZ,南岭民爆,2006/12/22
002097.SZ,山河智能,2006/12/22
002098.SZ,浔兴股份,2006/12/22
002099.SZ,海翔药业,2006/12/26
002100.SZ,天康生物,2006/12/26
002101.SZ,广东鸿图,2006/12/29
002102.SZ,ST冠福,2006/12/29
002103.SZ,广博股份,2007/1/10
002104.SZ,恒宝股份,2007/1/10
002105.SZ,信隆健康,2007/1/12
002106.SZ,莱宝高科,2007/1/12
002107.SZ,沃华医药,2007/1/24
002108.SZ,沧州明珠,2007/1/24
002109.SZ,兴化股份,2007/1/26
002110.SZ,三钢闽光,2007/1/26
002111.SZ,威海广泰,2007/1/26
002112.SZ,三变科技,2007/2/8
002113.SZ,ST天润,2007/2/8
002114.SZ,罗平锌电,2007/2/15
002115.SZ,三维通信,2007/2/15
002116.SZ,中国海诚,2007/2/15
002117.SZ,东港股份,2007/3/2
002118.SZ,紫鑫药业,2007/3/2
002119.SZ,康强电子,2007/3/2
002120.SZ,韵达股份,2007/3/6
002121.SZ,科陆电子,2007/3/6
002122.SZ,*ST天马,2007/3/28
002123.SZ,梦网集团,2007/3/28
002124.SZ,天邦股份,2007/4/3
002125.SZ,湘潭电化,2007/4/3
002126.SZ,银轮股份,2007/4/18
002127.SZ,南极电商,2007/4/18
002128.SZ,露天煤业,2007/4/18
002129.SZ,中环股份,2007/4/20
002130.SZ,沃尔核材,2007/4/20
002131.SZ,利欧股份,2007/4/27
002132.SZ,恒星科技,2007/4/27
002133.SZ,广宇集团,2007/4/27
002134.SZ,天津普林,2007/5/16
002135.SZ,东南网架,2007/5/30
002136.SZ,安纳达,2007/5/30
002137.SZ,麦达数字,2007/6/13
002138.SZ,顺络电子,2007/6/13
002139.SZ,拓邦股份,2007/6/29
002140.SZ,东华科技,2007/7/12
002141.SZ,贤丰控股,2007/7/20
002142.SZ,宁波银行,2007/7/19
002144.SZ,宏达高科,2007/8/3
002145.SZ,中核钛白,2007/8/3
002146.SZ,荣盛发展,2007/8/8
002147.SZ,ST新光,2007/8/8
002148.SZ,北纬科技,2007/8/10
002149.SZ,西部材料,2007/8/10
002150.SZ,通润装备,2007/8/10
002151.SZ,北斗星通,2007/8/13
002152.SZ,广电运通,2007/8/13
002153.SZ,石基信息,2007/8/13
002154.SZ,报喜鸟,2007/8/16
002155.SZ,湖南黄金,2007/8/16
002156.SZ,通富微电,2007/8/16
002157.SZ,正邦科技,2007/8/17
002158.SZ,汉钟精机,2007/8/17
002159.SZ,三特索道,2007/8/17
002160.SZ,常铝股份,2007/8/21
002161.SZ,远望谷,2007/8/21
002162.SZ,悦心健康,2007/8/23
002163.SZ,中航三鑫,2007/8/23
002164.SZ,宁波东力,2007/8/23
002165.SZ,红宝丽,2007/9/13
002166.SZ,莱茵生物,2007/9/13
002167.SZ,东方锆业,2007/9/13
002168.SZ,惠程科技,2007/9/19
002169.SZ,智光电气,2007/9/19
002170.SZ,芭田股份,2007/9/19
002171.SZ,楚江新材,2007/9/21
002172.SZ,澳洋健康,2007/9/21
002173.SZ,创新医疗,2007/9/25
002174.SZ,游族网络,2007/9/25
002175.SZ,*ST东网,2007/10/12
002176.SZ,江特电机,2007/10/12
002177.SZ,御银股份,2007/11/1
002178.SZ,延华智能,2007/11/1
002179.SZ,中航光电,2007/11/1
002180.SZ,纳思达,2007/11/13
002181.SZ,粤传媒,2007/11/16
002182.SZ,云海金属,2007/11/13
002183.SZ,怡亚通,2007/11/13
002184.SZ,海得控制,2007/11/16
002185.SZ,华天科技,2007/11/20
002186.SZ,全聚德,2007/11/20
002187.SZ,广百股份,2007/11/22
002188.SZ,*ST巴士,2007/11/22
002189.SZ,中光学,2007/12/3
002190.SZ,*ST集成,2007/12/3
002191.SZ,劲嘉股份,2007/12/5
002192.SZ,融捷股份,2007/12/5
002193.SZ,如意集团,2007/12/7
002194.SZ,武汉凡谷,2007/12/7
002195.SZ,二三四五,2007/12/12
002196.SZ,方正电机,2007/12/12
002197.SZ,证通电子,2007/12/18
002198.SZ,嘉应制药,2007/12/18
002199.SZ,东晶电子,2007/12/21
002200.SZ,*ST云投,2007/12/21
002201.SZ,九鼎新材,2007/12/26
002202.SZ,金风科技,2007/12/26
002203.SZ,海亮股份,2008/1/16
002204.SZ,大连重工,2008/1/16
002205.SZ,国统股份,2008/1/23
002206.SZ,海利得,2008/1/23
002207.SZ,ST准油,2008/1/28
002208.SZ,合肥城建,2008/1/28
002209.SZ,达意隆,2008/1/30
002210.SZ,*ST飞马,2008/1/30
002211.SZ,宏达新材,2008/2/1
002212.SZ,南洋股份,2008/2/1
002213.SZ,特尔佳,2008/2/1
002214.SZ,大立科技,2008/2/18
002215.SZ,诺普信,2008/2/18
002216.SZ,三全食品,2008/2/20
002217.SZ,合力泰,2008/2/20
002218.SZ,拓日新能,2008/2/28
002219.SZ,恒康医疗,2008/3/6
002220.SZ,ST天宝,2008/2/28
002221.SZ,东华能源,2008/3/6
002222.SZ,福晶科技,2008/3/19
002223.SZ,鱼跃医疗,2008/4/18
002224.SZ,三力士,2008/4/25
002225.SZ,濮耐股份,2008/4/25
002226.SZ,江南化工,2008/5/6
002227.SZ,奥特迅,2008/5/6
002228.SZ,合兴包装,2008/5/8
002229.SZ,鸿博股份,2008/5/8
002230.SZ,科大讯飞,2008/5/12
002231.SZ,奥维通信,2008/5/12
002232.SZ,启明信息,2008/5/9
002233.SZ,塔牌集团,2008/5/16
002234.SZ,民和股份,2008/5/16
002235.SZ,安妮股份,2008/5/16
002236.SZ,大华股份,2008/5/20
002237.SZ,恒邦股份,2008/5/20
002238.SZ,天威视讯,2008/5/26
002239.SZ,奥特佳,2008/5/22
002240.SZ,威华股份,2008/5/23
002241.SZ,歌尔股份,2008/5/22
002242.SZ,九阳股份,2008/5/28
002243.SZ,通产丽星,2008/5/28
002244.SZ,滨江集团,2008/5/29
002245.SZ,澳洋顺昌,2008/6/5
002246.SZ,北化股份,2008/6/5
002247.SZ,聚力文化,2008/6/12
002248.SZ,华东数控,2008/6/12
002249.SZ,大洋电机,2008/6/19
002250.SZ,联化科技,2008/6/19
002251.SZ,步步高,2008/6/19
002252.SZ,上海莱士,2008/6/23
002253.SZ,川大智胜,2008/6/23
002254.SZ,泰和新材,2008/6/25
002255.SZ,海陆重工,2008/6/25
002256.SZ,兆新股份,2008/6/25
002258.SZ,利尔化学,2008/7/8
002259.SZ,*ST升达,2008/7/16
002260.SZ,*ST德奥,2008/7/16
002261.SZ,拓维信息,2008/7/23
002262.SZ,恩华药业,2008/7/23
002263.SZ,*ST东南,2008/7/28
002264.SZ,新华都,2008/7/31
002265.SZ,西仪股份,2008/8/6
002266.SZ,浙富控股,2008/8/6
002267.SZ,陕天然气,2008/8/13
002268.SZ,卫士通,2008/8/11
002269.SZ,美邦服饰,2008/8/28
002270.SZ,华明装备,2008/9/5
002271.SZ,东方雨虹,2008/9/10
002272.SZ,川润股份,2008/9/19
002273.SZ,水晶光电,2008/9/19
002274.SZ,华昌化工,2008/9/25
002275.SZ,桂林三金,2009/7/10
002276.SZ,万马股份,2009/7/10
002277.SZ,友阿股份,2009/7/17
002278.SZ,神开股份,2009/8/11
002279.SZ,久其软件,2009/8/11
002280.SZ,联络互动,2009/8/21
002281.SZ,光迅科技,2009/8/21
002282.SZ,博深股份,2009/8/21
002283.SZ,天润曲轴,2009/8/21
002284.SZ,亚太股份,2009/8/28
002285.SZ,世联行,2009/8/28
002286.SZ,保龄宝,2009/8/28
002287.SZ,奇正藏药,2009/8/28
002288.SZ,超华科技,2009/9/3
002289.SZ,*ST宇顺,2009/9/3
002290.SZ,*ST中科,2009/9/3
002291.SZ,星期六,2009/9/3
002292.SZ,奥飞娱乐,2009/9/10
002293.SZ,罗莱生活,2009/9/10
002294.SZ,信立泰,2009/9/10
002295.SZ,精艺股份,2009/9/29
002296.SZ,辉煌科技,2009/9/29
002297.SZ,博云新材,2009/9/29
002298.SZ,中电兴发,2009/9/29
002299.SZ,圣农发展,2009/10/21
002300.SZ,太阳电缆,2009/10/21
002301.SZ,齐心集团,2009/10/21
002302.SZ,西部建设,2009/11/3
002303.SZ,美盈森,2009/11/3
002304.SZ,洋河股份,2009/11/6
002305.SZ,南国置业,2009/11/6
002306.SZ,ST云网,2009/11/11
002307.SZ,北新路桥,2009/11/11
002308.SZ,威创股份,2009/11/27
002309.SZ,中利集团,2009/11/27
002310.SZ,东方园林,2009/11/27
002311.SZ,海大集团,2009/11/27
002312.SZ,三泰控股,2009/12/3
002313.SZ,日海智能,2009/12/3
002314.SZ,南山控股,2009/12/3
002315.SZ,焦点科技,2009/12/9
002316.SZ,亚联发展,2009/12/9
002317.SZ,众生药业,2009/12/11
002318.SZ,久立特材,2009/12/11
002319.SZ,乐通股份,2009/12/11
002320.SZ,海峡股份,2009/12/16
002321.SZ,华英农业,2009/12/16
002322.SZ,理工环科,2009/12/18
002323.SZ,ST百特,2009/12/18
002324.SZ,普利特,2009/12/18
002325.SZ,洪涛股份,2009/12/22
002326.SZ,永太科技,2009/12/22
002327.SZ,富安娜,2009/12/30
002328.SZ,新朋股份,2009/12/30
002329.SZ,皇氏集团,2010/1/6
002330.SZ,得利斯,2010/1/6
002331.SZ,皖通科技,2010/1/6
002332.SZ,仙琚制药,2010/1/12
002333.SZ,*ST罗普,2010/1/12
002334.SZ,英威腾,2010/1/13
002335.SZ,科华恒盛,2010/1/13
002336.SZ,*ST人乐,2010/1/13
002337.SZ,赛象科技,2010/1/15
002338.SZ,奥普光电,2010/1/15
002339.SZ,积成电子,2010/1/22
002340.SZ,格林美,2010/1/22
002341.SZ,新纶科技,2010/1/22
002342.SZ,巨力索具,2010/1/26
002343.SZ,慈文传媒,2010/1/26
002344.SZ,海宁皮城,2010/1/26
002345.SZ,潮宏基,2010/1/28
002346.SZ,柘中股份,2010/1/28
002347.SZ,泰尔股份,2010/1/28
002348.SZ,高乐股份,2010/2/3
002349.SZ,精华制药,2010/2/3
002350.SZ,北京科锐,2010/2/3
002351.SZ,漫步者,2010/2/5
002352.SZ,顺丰控股,2010/2/5
002353.SZ,杰瑞股份,2010/2/5
002354.SZ,天神娱乐,2010/2/9
002355.SZ,兴民智通,2010/2/9
002356.SZ,*ST赫美,2010/2/9
002357.SZ,富临运业,2010/2/10
002358.SZ,森源电气,2010/2/10
002359.SZ,*ST北讯,2010/2/10
002360.SZ,同德化工,2010/3/3
002361.SZ,神剑股份,2010/3/3
002362.SZ,汉王科技,2010/3/3
002363.SZ,隆基机械,2010/3/5
002364.SZ,中恒电气,2010/3/5
002365.SZ,永安药业,2010/3/5
002366.SZ,台海核电,2010/3/12
002367.SZ,康力电梯,2010/3/12
002368.SZ,太极股份,2010/3/12
002369.SZ,卓翼科技,2010/3/16
002370.SZ,亚太药业,2010/3/16
002371.SZ,北方华创,2010/3/16
002372.SZ,伟星新材,2010/3/18
002373.SZ,千方科技,2010/3/18
002374.SZ,丽鹏股份,2010/3/18
002375.SZ,亚厦股份,2010/3/23
002376.SZ,新北洋,2010/3/23
002377.SZ,国创高新,2010/3/23
002378.SZ,章源钨业,2010/3/31
002379.SZ,宏创控股,2010/3/31
002380.SZ,科远智慧,2010/3/31
002381.SZ,双箭股份,2010/4/2
002382.SZ,蓝帆医疗,2010/4/2
002383.SZ,合众思壮,2010/4/2
002384.SZ,东山精密,2010/4/9
002385.SZ,大北农,2010/4/9
002386.SZ,天原集团,2010/4/9
002387.SZ,维信诺,2010/4/13
002388.SZ,新亚制程,2010/4/13
002389.SZ,航天彩虹,2010/4/13
002390.SZ,信邦制药,2010/4/16
002391.SZ,长青股份,2010/4/16
002392.SZ,北京利尔,2010/4/23
002393.SZ,力生制药,2010/4/23
002394.SZ,联发股份,2010/4/23
002395.SZ,双象股份,2010/4/29
002396.SZ,星网锐捷,2010/6/23
002397.SZ,梦洁股份,2010/4/29
002398.SZ,垒知集团,2010/5/6
002399.SZ,海普瑞,2010/5/6
002400.SZ,省广集团,2010/5/6
002401.SZ,中远海科,2010/5/6
002402.SZ,和而泰,2010/5/11
002403.SZ,爱仕达,2010/5/11
002404.SZ,嘉欣丝绸,2010/5/11
002405.SZ,四维图新,2010/5/18
002406.SZ,远东传动,2010/5/18
002407.SZ,多氟多,2010/5/18
002408.SZ,齐翔腾达,2010/5/18
002409.SZ,雅克科技,2010/5/25
002410.SZ,广联达,2010/5/25
002411.SZ,延安必康,2010/5/25
002412.SZ,汉森制药,2010/5/25
002413.SZ,雷科防务,2010/5/28
002414.SZ,高德红外,2010/7/16
002415.SZ,海康威视,2010/5/28
002416.SZ,爱施德,2010/5/28
002417.SZ,深南股份,2010/6/1
002418.SZ,康盛股份,2010/6/1
002419.SZ,天虹股份,2010/6/1
002420.SZ,*ST毅昌,2010/6/1
002421.SZ,达实智能,2010/6/3
002422.SZ,科伦药业,2010/6/3
002423.SZ,中粮资本,2010/6/3
002424.SZ,贵州百灵,2010/6/3
002425.SZ,凯撒文化,2010/6/8
002426.SZ,胜利精密,2010/6/8
002427.SZ,*ST尤夫,2010/6/8
002428.SZ,云南锗业,2010/6/8
002429.SZ,兆驰股份,2010/6/10
002430.SZ,杭氧股份,2010/6/10
002431.SZ,棕榈股份,2010/6/10
002432.SZ,九安医疗,2010/6/10
002433.SZ,太安堂,2010/6/18
002434.SZ,万里扬,2010/6/18
002435.SZ,长江健康,2010/6/18
002436.SZ,兴森科技,2010/6/18
002437.SZ,誉衡药业,2010/6/23
002438.SZ,江苏神通,2010/6/23
002439.SZ,启明星辰,2010/6/23
002440.SZ,闰土股份,2010/7/6
002441.SZ,众业达,2010/7/6
002442.SZ,龙星化工,2010/7/6
002443.SZ,金洲管道,2010/7/6
002444.SZ,巨星科技,2010/7/13
002445.SZ,ST中南,2010/7/13
002446.SZ,盛路通信,2010/7/13
002447.SZ,晨鑫科技,2010/7/13
002448.SZ,中原内配,2010/7/16
002449.SZ,国星光电,2010/7/16
002450.SZ,*ST康得,2010/7/16
002451.SZ,摩恩电气,2010/7/20
002452.SZ,长高集团,2010/7/20
002453.SZ,华软科技,2010/7/20
002454.SZ,松芝股份,2010/7/20
002455.SZ,百川股份,2010/8/3
002456.SZ,欧菲光,2010/8/3
002457.SZ,青龙管业,2010/8/3
002458.SZ,益生股份,2010/8/10
002459.SZ,晶澳科技,2010/8/10
002460.SZ,赣锋锂业,2010/8/10
002461.SZ,珠江啤酒,2010/8/18
002462.SZ,嘉事堂,2010/8/18
002463.SZ,沪电股份,2010/8/18
002464.SZ,众应互联,2010/8/31
002465.SZ,海格通信,2010/8/31
002466.SZ,天齐锂业,2010/8/31
002467.SZ,二六三,2010/9/8
002468.SZ,申通快递,2010/9/8
002469.SZ,三维工程,2010/9/8
002470.SZ,金正大,2010/9/8
002471.SZ,中超控股,2010/9/10
002472.SZ,双环传动,2010/9/10
002473.SZ,圣莱达,2010/9/10
002474.SZ,榕基软件,2010/9/15
002475.SZ,立讯精密,2010/9/15
002476.SZ,宝莫股份,2010/9/15
002478.SZ,常宝股份,2010/9/21
002479.SZ,富春环保,2010/9/21
002480.SZ,新筑股份,2010/9/21
002481.SZ,双塔食品,2010/9/21
002482.SZ,广田集团,2010/9/29
002483.SZ,润邦股份,2010/9/29
002484.SZ,江海股份,2010/9/29
002485.SZ,希努尔,2010/10/15
002486.SZ,嘉麟杰,2010/10/15
002487.SZ,大金重工,2010/10/15
002488.SZ,金固股份,2010/10/21
002489.SZ,浙江永强,2010/10/21
002490.SZ,山东墨龙,2010/10/21
002491.SZ,通鼎互联,2010/10/21
002492.SZ,恒基达鑫,2010/11/2
002493.SZ,荣盛石化,2010/11/2
002494.SZ,华斯股份,2010/11/2
002495.SZ,佳隆股份,2010/11/2
002496.SZ,辉丰股份,2010/11/9
002497.SZ,雅化集团,2010/11/9
002498.SZ,汉缆股份,2010/11/9
002499.SZ,*ST科林,2010/11/9
002500.SZ,山西证券,2010/11/15
002501.SZ,*ST利源,2010/11/17
002502.SZ,鼎龙文化,2010/11/17
002503.SZ,搜于特,2010/11/17
002504.SZ,弘高创意,2010/11/18
002505.SZ,大康农业,2010/11/18
002506.SZ,协鑫集成,2010/11/18
002507.SZ,涪陵榨菜,2010/11/23
002508.SZ,老板电器,2010/11/23
002509.SZ,天广中茂,2010/11/23
002510.SZ,天汽模,2010/11/25
002511.SZ,中顺洁柔,2010/11/25
002512.SZ,达华智能,2010/12/3
002513.SZ,蓝丰生化,2010/12/3
002514.SZ,宝馨科技,2010/12/3
002515.SZ,金字火腿,2010/12/3
002516.SZ,旷达科技,2010/12/7
002517.SZ,恺英网络,2010/12/7
002518.SZ,科士达,2010/12/7
002519.SZ,银河电子,2010/12/7
002520.SZ,日发精机,2010/12/10
002521.SZ,齐峰新材,2010/12/10
002522.SZ,浙江众成,2010/12/10
002523.SZ,天桥起重,2010/12/10
002524.SZ,光正集团,2010/12/17
002526.SZ,山东矿机,2010/12/17
002527.SZ,新时达,2010/12/24
002528.SZ,英飞拓,2010/12/24
002529.SZ,海源复材,2010/12/24
002530.SZ,金财互联,2010/12/31
002531.SZ,天顺风能,2010/12/31
002532.SZ,新界泵业,2010/12/31
002533.SZ,金杯电工,2010/12/31
002534.SZ,杭锅股份,2011/1/10
002535.SZ,林州重机,2011/1/11
002536.SZ,飞龙股份,2011/1/11
002537.SZ,海联金汇,2011/1/10
002538.SZ,司尔特,2011/1/18
002539.SZ,云图控股,2011/1/18
002540.SZ,亚太科技,2011/1/18
002541.SZ,鸿路钢构,2011/1/18
002542.SZ,中化岩土,2011/1/28
002543.SZ,万和电气,2011/1/28
002544.SZ,杰赛科技,2011/1/28
002545.SZ,东方铁塔,2011/2/11
002546.SZ,新联电子,2011/2/11
002547.SZ,春兴精工,2011/2/18
002548.SZ,金新农,2011/2/18
002549.SZ,凯美特气,2011/2/18
002550.SZ,千红制药,2011/2/18
002551.SZ,尚荣医疗,2011/2/25
002552.SZ,宝鼎科技,2011/2/25
002553.SZ,南方轴承,2011/2/25
002554.SZ,惠博普,2011/2/25
002555.SZ,三七互娱,2011/3/2
002556.SZ,辉隆股份,2011/3/2
002557.SZ,洽洽食品,2011/3/2
002558.SZ,巨人网络,2011/3/2
002559.SZ,亚威股份,2011/3/3
002560.SZ,通达股份,2011/3/3
002561.SZ,徐家汇,2011/3/3
002562.SZ,兄弟科技,2011/3/10
002563.SZ,森马服饰,2011/3/11
002564.SZ,天沃科技,2011/3/10
002565.SZ,顺灏股份,2011/3/18
002566.SZ,益盛药业,2011/3/18
002567.SZ,唐人神,2011/3/25
002568.SZ,百润股份,2011/3/25
002569.SZ,*ST步森,2011/4/12
002570.SZ,贝因美,2011/4/12
002571.SZ,德力股份,2011/4/12
002572.SZ,索菲亚,2011/4/12
002573.SZ,清新环境,2011/4/22
002574.SZ,明牌珠宝,2011/4/22
002575.SZ,群兴玩具,2011/4/22
002576.SZ,通达动力,2011/4/28
002577.SZ,雷柏科技,2011/4/28
002578.SZ,闽发铝业,2011/4/28
002579.SZ,中京电子,2011/5/6
002580.SZ,圣阳股份,2011/5/6
002581.SZ,未名医药,2011/5/20
002582.SZ,好想你,2011/5/20
002583.SZ,海能达,2011/5/27
002584.SZ,西陇科学,2011/6/2
002585.SZ,双星新材,2011/6/2
002586.SZ,ST围海,2011/6/2
002587.SZ,奥拓电子,2011/6/10
002588.SZ,史丹利,2011/6/10
002589.SZ,瑞康医药,2011/6/10
002590.SZ,万安科技,2011/6/10
002591.SZ,恒大高新,2011/6/21
002592.SZ,八菱科技,2011/11/11
002593.SZ,日上集团,2011/6/28
002594.SZ,比亚迪,2011/6/30
002595.SZ,豪迈科技,2011/6/28
002596.SZ,海南瑞泽,2011/7/7
002597.SZ,金禾实业,2011/7/7
002598.SZ,山东章鼓,2011/7/7
002599.SZ,盛通股份,2011/7/15
002600.SZ,领益智造,2011/7/15
002601.SZ,龙蟒佰利,2011/7/15
002602.SZ,世纪华通,2011/7/28
002603.SZ,以岭药业,2011/7/28
002604.SZ,*ST龙力,2011/7/28
002605.SZ,姚记科技,2011/8/5
002606.SZ,大连电瓷,2011/8/5
002607.SZ,中公教育,2011/8/10
002608.SZ,江苏国信,2011/8/10
002609.SZ,捷顺科技,2011/8/15
002610.SZ,爱康科技,2011/8/15
002611.SZ,东方精工,2011/8/30
002612.SZ,朗姿股份,2011/8/30
002613.SZ,北玻股份,2011/8/30
002614.SZ,奥佳华,2011/9/9
002615.SZ,哈尔斯,2011/9/9
002616.SZ,长青集团,2011/9/20
002617.SZ,露笑科技,2011/9/20
002618.SZ,丹邦科技,2011/9/20
002619.SZ,艾格拉斯,2011/9/29
002620.SZ,瑞和股份,2011/9/29
002621.SZ,美吉姆,2011/9/29
002622.SZ,融钰集团,2011/10/18
002623.SZ,亚玛顿,2011/10/13
002624.SZ,完美世界,2011/10/28
002625.SZ,光启技术,2011/11/3
002626.SZ,金达威,2011/10/28
002627.SZ,宜昌交运,2011/11/3
002628.SZ,成都路桥,2011/11/3
002629.SZ,*ST仁智,2011/11/3
002630.SZ,华西能源,2011/11/11
002631.SZ,德尔未来,2011/11/11
002632.SZ,道明光学,2011/11/22
002633.SZ,申科股份,2011/11/22
002634.SZ,棒杰股份,2011/12/5
002635.SZ,安洁科技,2011/11/25
002636.SZ,金安国纪,2011/11/25
002637.SZ,赞宇科技,2011/11/25
002638.SZ,勤上股份,2011/11/25
002639.SZ,雪人股份,2011/12/5
002640.SZ,跨境通,2011/12/8
002641.SZ,永高股份,2011/12/8
002642.SZ,*ST荣联,2011/12/20
002643.SZ,万润股份,2011/12/20
002644.SZ,佛慈制药,2011/12/22
002645.SZ,华宏科技,2011/12/20
002646.SZ,青青稞酒,2011/12/22
002647.SZ,仁东控股,2011/12/28
002648.SZ,卫星石化,2011/12/28
002649.SZ,博彦科技,2012/1/6
002650.SZ,加加食品,2012/1/6
002651.SZ,利君股份,2012/1/6
002652.SZ,扬子新材,2012/1/19
002653.SZ,海思科,2012/1/17
002654.SZ,万润科技,2012/2/17
002655.SZ,共达电声,2012/2/17
002656.SZ,ST摩登,2012/2/28
002657.SZ,中科金财,2012/2/28
002658.SZ,雪迪龙,2012/3/9
002659.SZ,凯文教育,2012/3/9
002660.SZ,茂硕电源,2012/3/16
002661.SZ,克明面业,2012/3/16
002662.SZ,京威股份,2012/3/9
002663.SZ,普邦股份,2012/3/16
002664.SZ,长鹰信质,2012/3/16
002665.SZ,首航高科,2012/3/27
002666.SZ,德联集团,2012/3/27
002667.SZ,鞍重股份,2012/3/29
002668.SZ,奥马电器,2012/4/16
002669.SZ,康达新材,2012/4/16
002670.SZ,国盛金控,2012/4/16
002671.SZ,龙泉股份,2012/4/26
002672.SZ,东江环保,2012/4/26
002673.SZ,西部证券,2012/5/3
002674.SZ,兴业科技,2012/5/7
002675.SZ,东诚药业,2012/5/25
002676.SZ,顺威股份,2012/5/25
002677.SZ,浙江美大,2012/5/25
002678.SZ,珠江钢琴,2012/5/30
002679.SZ,福建金森,2012/6/5
002681.SZ,奋达科技,2012/6/5
002682.SZ,龙洲股份,2012/6/12
002683.SZ,宏大爆破,2012/6/12
002684.SZ,*ST猛狮,2012/6/12
002685.SZ,华东重机,2012/6/12
002686.SZ,亿利达,2012/7/3
002687.SZ,乔治白,2012/7/13
002688.SZ,金河生物,2012/7/13
002689.SZ,远大智能,2012/7/17
002690.SZ,美亚光电,2012/7/31
002691.SZ,冀凯股份,2012/7/31
002692.SZ,ST远程,2012/8/8
002693.SZ,双成药业,2012/8/8
002694.SZ,顾地科技,2012/8/16
002695.SZ,煌上煌,2012/9/5
002696.SZ,百洋股份,2012/9/5
002697.SZ,红旗连锁,2012/9/5
002698.SZ,博实股份,2012/9/11
002699.SZ,美盛文化,2012/9/11
002700.SZ,新疆浩源,2012/9/21
002701.SZ,奥瑞金,2012/10/11
002702.SZ,海欣食品,2012/10/11
002703.SZ,浙江世宝,2012/11/2
002705.SZ,新宝股份,2014/1/21
002706.SZ,良信电器,2014/1/21
002707.SZ,众信旅游,2014/1/23
002708.SZ,光洋股份,2014/1/21
002709.SZ,天赐材料,2014/1/23
002711.SZ,*ST欧浦,2014/1/27
002712.SZ,思美传媒,2014/1/23
002713.SZ,东易日盛,2014/2/19
002714.SZ,牧原股份,2014/1/28
002715.SZ,登云股份,2014/2/19
002716.SZ,ST金贵,2014/1/28
002717.SZ,岭南股份,2014/2/19
002718.SZ,友邦吊顶,2014/1/28
002719.SZ,麦趣尔,2014/1/28
002721.SZ,金一文化,2014/1/27
002722.SZ,金轮股份,2014/1/28
002723.SZ,金莱特,2014/1/29
002724.SZ,海洋王,2014/11/4
002725.SZ,跃岭股份,2014/1/29
002726.SZ,龙大肉食,2014/6/26
002727.SZ,一心堂,2014/7/2
002728.SZ,特一药业,2014/7/31
002729.SZ,好利来,2014/9/12
002730.SZ,电光科技,2014/10/9
002731.SZ,萃华珠宝,2014/11/4
002732.SZ,燕塘乳业,2014/12/5
002733.SZ,雄韬股份,2014/12/3
002734.SZ,利民股份,2015/1/27
002735.SZ,王子新材,2014/12/3
002736.SZ,国信证券,2014/12/29
002737.SZ,葵花药业,2014/12/30
002738.SZ,中矿资源,2014/12/30
002739.SZ,万达电影,2015/1/22
002740.SZ,爱迪尔,2015/1/22
002741.SZ,光华科技,2015/2/16
002742.SZ,三圣股份,2015/2/17
002743.SZ,富煌钢构,2015/2/17
002745.SZ,木林森,2015/2/17
002746.SZ,仙坛股份,2015/2/16
002747.SZ,埃斯顿,2015/3/20
002748.SZ,世龙实业,2015/3/19
002749.SZ,国光股份,2015/3/20
002750.SZ,龙津药业,2015/3/24
002751.SZ,易尚展示,2015/4/24
002752.SZ,昇兴股份,2015/4/22
002753.SZ,永东股份,2015/5/19
002755.SZ,奥赛康,2015/5/15
002756.SZ,永兴材料,2015/5/15
002757.SZ,南兴股份,2015/5/27
002758.SZ,华通医药,2015/5/27
002759.SZ,天际股份,2015/5/28
002760.SZ,凤形股份,2015/6/11
002761.SZ,多喜爱,2015/6/10
002762.SZ,金发拉比,2015/6/10
002763.SZ,汇洁股份,2015/6/10
002765.SZ,蓝黛传动,2015/6/12
002766.SZ,*ST索菱,2015/6/11
002767.SZ,先锋电子,2015/6/12
002768.SZ,国恩股份,2015/6/30
002769.SZ,普路通,2015/6/29
002770.SZ,科迪乳业,2015/6/30
002771.SZ,真视通,2015/6/29
002772.SZ,众兴菌业,2015/6/26
002773.SZ,康弘药业,2015/6/26
002774.SZ,快意电梯,2017/3/24
002775.SZ,文科园林,2015/6/29
002776.SZ,柏堡龙,2015/6/26
002777.SZ,久远银海,2015/12/31
002778.SZ,高科石化,2016/1/6
002779.SZ,中坚科技,2015/12/9
002780.SZ,三夫户外,2015/12/9
002781.SZ,奇信股份,2015/12/22
002782.SZ,可立克,2015/12/22
002783.SZ,凯龙股份,2015/12/9
002785.SZ,万里石,2015/12/23
002786.SZ,银宝山新,2015/12/23
002787.SZ,华源控股,2015/12/31
002788.SZ,鹭燕医药,2016/2/18
002789.SZ,建艺集团,2016/3/11
002790.SZ,瑞尔特,2016/3/8
002791.SZ,坚朗五金,2016/3/29
002792.SZ,通宇通讯,2016/3/28
002793.SZ,东音股份,2016/4/15
002795.SZ,永和智控,2016/4/28
002796.SZ,世嘉科技,2016/5/10
002797.SZ,第一创业,2016/5/11
002798.SZ,帝欧家居,2016/5/25
002799.SZ,环球印务,2016/6/8
002800.SZ,天顺股份,2016/5/30
002801.SZ,微光股份,2016/6/22
002802.SZ,洪汇新材,2016/6/29
002803.SZ,吉宏股份,2016/7/12
002805.SZ,丰元股份,2016/7/7
002806.SZ,华锋股份,2016/7/26
002807.SZ,江阴银行,2016/9/2
002808.SZ,恒久科技,2016/8/12
002809.SZ,红墙股份,2016/8/23
002810.SZ,山东赫达,2016/8/26
002811.SZ,亚泰国际,2016/9/8
002812.SZ,恩捷股份,2016/9/14
002813.SZ,路畅科技,2016/10/12
002815.SZ,崇达技术,2016/10/12
002816.SZ,和科达,2016/10/25
002817.SZ,黄山胶囊,2016/10/25
002818.SZ,富森美,2016/11/9
002819.SZ,东方中科,2016/11/11
002820.SZ,桂发祥,2016/11/18
002821.SZ,凯莱英,2016/11/18
002822.SZ,中装建设,2016/11/29
002823.SZ,凯中精密,2016/11/24
002824.SZ,和胜股份,2017/1/12
002825.SZ,纳尔股份,2016/11/29
002826.SZ,易明医药,2016/12/9
002827.SZ,高争民爆,2016/12/9
002828.SZ,贝肯能源,2016/12/8
002829.SZ,星网宇达,2016/12/13
002830.SZ,名雕股份,2016/12/13
002831.SZ,裕同科技,2016/12/16
002832.SZ,比音勒芬,2016/12/23
002833.SZ,弘亚数控,2016/12/28
002835.SZ,同为股份,2016/12/28
002836.SZ,新宏泽,2016/12/29
002837.SZ,英维克,2016/12/29
002838.SZ,道恩股份,2017/1/6
002839.SZ,张家港行,2017/1/24
002840.SZ,华统股份,2017/1/10
002841.SZ,视源股份,2017/1/19
002842.SZ,翔鹭钨业,2017/1/19
002843.SZ,泰嘉股份,2017/1/20
002845.SZ,同兴达,2017/1/25
002846.SZ,英联股份,2017/2/7
002847.SZ,盐津铺子,2017/2/8
002848.SZ,高斯贝尔,2017/2/13
002849.SZ,威星智能,2017/2/17
002850.SZ,科达利,2017/3/2
002851.SZ,麦格米特,2017/3/6
002852.SZ,道道全,2017/3/10
002853.SZ,皮阿诺,2017/3/10
002855.SZ,捷荣技术,2017/3/21
002856.SZ,美芝股份,2017/3/20
002857.SZ,三晖电气,2017/3/23
002858.SZ,力盛赛车,2017/3/24
002859.SZ,洁美科技,2017/4/7
002860.SZ,星帅尔,2017/4/12
002861.SZ,瀛通通讯,2017/4/13
002862.SZ,实丰文化,2017/4/11
002863.SZ,今飞凯达,2017/4/18
002864.SZ,盘龙药业,2017/11/16
002865.SZ,钧达股份,2017/4/25
002866.SZ,传艺科技,2017/4/26
002867.SZ,周大生,2017/4/27
002868.SZ,绿康生化,2017/5/3
002869.SZ,金溢科技,2017/5/15
002870.SZ,香山股份,2017/5/15
002871.SZ,伟隆股份,2017/5/11
002872.SZ,*ST天圣,2017/5/19
002873.SZ,新天药业,2017/5/19
002875.SZ,安奈儿,2017/6/1
002876.SZ,三利谱,2017/5/25
002877.SZ,智能自控,2017/6/5
002878.SZ,元隆雅图,2017/6/6
002879.SZ,长缆科技,2017/7/7
002880.SZ,卫光生物,2017/6/16
002881.SZ,美格智能,2017/6/22
002882.SZ,金龙羽,2017/7/17
002883.SZ,中设股份,2017/6/20
002884.SZ,凌霄泵业,2017/7/11
002885.SZ,京泉华,2017/6/27
002886.SZ,沃特股份,2017/6/27
002887.SZ,绿茵生态,2017/8/1
002888.SZ,惠威科技,2017/7/21
002889.SZ,东方嘉盛,2017/7/31
002890.SZ,弘宇股份,2017/8/2
002891.SZ,中宠股份,2017/8/21
002892.SZ,科力尔,2017/8/17
002893.SZ,华通热力,2017/9/15
002895.SZ,川恒股份,2017/8/25
002896.SZ,中大力德,2017/8/29
002897.SZ,意华股份,2017/9/7
002898.SZ,赛隆药业,2017/9/12
002899.SZ,英派斯,2017/9/15
002900.SZ,哈三联,2017/9/22
002901.SZ,大博医疗,2017/9/22
002902.SZ,铭普光磁,2017/9/29
002903.SZ,宇环数控,2017/10/13
002905.SZ,金逸影视,2017/10/16
002906.SZ,华阳集团,2017/10/13
002907.SZ,华森制药,2017/10/20
002908.SZ,德生科技,2017/10/20
002909.SZ,集泰股份,2017/10/26
002910.SZ,庄园牧场,2017/10/31
002911.SZ,佛燃能源,2017/11/22
002912.SZ,中新赛克,2017/11/21
002913.SZ,奥士康,2017/12/1
002915.SZ,中欣氟材,2017/12/5
002916.SZ,深南电路,2017/12/13
002917.SZ,金奥博,2017/12/8
002918.SZ,蒙娜丽莎,2017/12/19
002919.SZ,名臣健康,2017/12/18
002920.SZ,德赛西威,2017/12/26
002921.SZ,联诚精密,2017/12/27
002922.SZ,伊戈尔,2017/12/29
002923.SZ,润都股份,2018/1/5
002925.SZ,盈趣科技,2018/1/15
002926.SZ,华西证券,2018/2/5
002927.SZ,泰永长征,2018/2/23
002928.SZ,华夏航空,2018/3/2
002929.SZ,润建股份,2018/3/1
002930.SZ,宏川智慧,2018/3/28
002931.SZ,锋龙股份,2018/4/3
002932.SZ,明德生物,2018/7/10
002933.SZ,新兴装备,2018/8/28
002935.SZ,天奥电子,2018/9/3
002936.SZ,郑州银行,2018/9/19
002937.SZ,兴瑞科技,2018/9/26
002938.SZ,鹏鼎控股,2018/9/18
002939.SZ,长城证券,2018/10/26
002940.SZ,昂利康,2018/10/23
002941.SZ,新疆交建,2018/11/28
002942.SZ,新农股份,2018/12/5
002943.SZ,宇晶股份,2018/11/29
002945.SZ,华林证券,2019/1/17
002946.SZ,新乳业,2019/1/25
002947.SZ,恒铭达,2019/2/1
002948.SZ,青岛银行,2019/1/16
002949.SZ,华阳国际,2019/2/26
002950.SZ,奥美医疗,2019/3/11
002951.SZ,金时科技,2019/3/15
002952.SZ,亚世光电,2019/3/28
002953.SZ,日丰股份,2019/5/9
002955.SZ,鸿合科技,2019/5/23
002956.SZ,西麦食品,2019/6/19
002957.SZ,科瑞技术,2019/7/26
002958.SZ,青农商行,2019/3/26
002959.SZ,小熊电器,2019/8/23
002960.SZ,青鸟消防,2019/8/9
002961.SZ,瑞达期货,2019/9/5
002962.SZ,五方光电,2019/9/17
002963.SZ,豪尔赛,2019/10/28
002965.SZ,祥鑫科技,2019/10/25
002966.SZ,苏州银行,2019/8/2
002967.SZ,广电计量,2019/11/8
002968.SZ,新大正,2019/12/3
002969.SZ,嘉美包装,2019/12/2
002970.SZ,锐明技术,2019/12/17
002971.SZ,和远气体,2020/1/13
002972.SZ,科安达,2019/12/27
002973.SZ,侨银环保,2020/1/6
002975.SZ,博杰股份,2020/2/5
002976.SZ,瑞玛工业,2020/3/6
002977.SZ,天箭科技,2020/3/17
003816.SZ,中国广核,2019/8/26
300001.SZ,特锐德,2009/10/30
300002.SZ,神州泰岳,2009/10/30
300003.SZ,乐普医疗,2009/10/30
300004.SZ,南风股份,2009/10/30
300005.SZ,探路者,2009/10/30
300006.SZ,莱美药业,2009/10/30
300007.SZ,汉威科技,2009/10/30
300008.SZ,天海防务,2009/10/30
300009.SZ,安科生物,2009/10/30
300010.SZ,立思辰,2009/10/30
300011.SZ,鼎汉技术,2009/10/30
300012.SZ,华测检测,2009/10/30
300013.SZ,新宁物流,2009/10/30
300014.SZ,亿纬锂能,2009/10/30
300015.SZ,爱尔眼科,2009/10/30
300016.SZ,北陆药业,2009/10/30
300017.SZ,网宿科技,2009/10/30
300018.SZ,中元股份,2009/10/30
300019.SZ,硅宝科技,2009/10/30
300020.SZ,银江股份,2009/10/30
300021.SZ,大禹节水,2009/10/30
300022.SZ,吉峰科技,2009/10/30
300023.SZ,宝德股份,2009/10/30
300024.SZ,机器人,2009/10/30
300025.SZ,华星创业,2009/10/30
300026.SZ,红日药业,2009/10/30
300027.SZ,华谊兄弟,2009/10/30
300028.SZ,金亚科技,2009/10/30
300029.SZ,天龙光电,2009/12/25
300030.SZ,阳普医疗,2009/12/25
300031.SZ,宝通科技,2009/12/25
300032.SZ,金龙机电,2009/12/25
300033.SZ,同花顺,2009/12/25
300034.SZ,钢研高纳,2009/12/25
300035.SZ,中科电气,2009/12/25
300036.SZ,超图软件,2009/12/25
300037.SZ,新宙邦,2010/1/8
300038.SZ,数知科技,2010/1/8
300039.SZ,上海凯宝,2010/1/8
300040.SZ,九洲电气,2010/1/8
300041.SZ,回天新材,2010/1/8
300042.SZ,朗科科技,2010/1/8
300043.SZ,星辉娱乐,2010/1/20
300044.SZ,赛为智能,2010/1/20
300045.SZ,华力创通,2010/1/20
300046.SZ,台基股份,2010/1/20
300047.SZ,天源迪科,2010/1/20
300048.SZ,合康新能,2010/1/20
300049.SZ,福瑞股份,2010/1/20
300050.SZ,世纪鼎利,2010/1/20
300051.SZ,三五互联,2010/2/11
300052.SZ,中青宝,2010/2/11
300053.SZ,欧比特,2010/2/11
300054.SZ,鼎龙股份,2010/2/11
300055.SZ,万邦达,2010/2/26
300056.SZ,中创环保,2010/2/26
300057.SZ,万顺新材,2010/2/26
300058.SZ,蓝色光标,2010/2/26
300059.SZ,东方财富,2010/3/19
300061.SZ,旗天科技,2010/3/19
300062.SZ,中能电气,2010/3/19
300063.SZ,天龙集团,2010/3/26
300064.SZ,豫金刚石,2010/3/26
300065.SZ,海兰信,2010/3/26
300066.SZ,三川智慧,2010/3/26
300067.SZ,安诺其,2010/4/21
300068.SZ,南都电源,2010/4/21
300069.SZ,金利华电,2010/4/21
300070.SZ,碧水源,2010/4/21
300071.SZ,华谊嘉信,2010/4/21
300072.SZ,三聚环保,2010/4/27
300073.SZ,当升科技,2010/4/27
300074.SZ,华平股份,2010/4/27
300075.SZ,数字政通,2010/4/27
300076.SZ,GQY视讯,2010/4/30
300077.SZ,国民技术,2010/4/30
300078.SZ,思创医惠,2010/4/30
300079.SZ,数码科技,2010/4/30
300080.SZ,易成新能,2010/6/25
300081.SZ,恒信东方,2010/5/20
300082.SZ,奥克股份,2010/5/20
300083.SZ,劲胜智能,2010/5/20
300084.SZ,海默科技,2010/5/20
300085.SZ,银之杰,2010/5/26
300086.SZ,康芝药业,2010/5/26
300087.SZ,荃银高科,2010/5/26
300088.SZ,长信科技,2010/5/26
300089.SZ,文化长城,2010/6/25
300090.SZ,盛运环保,2010/6/25
300091.SZ,金通灵,2010/6/25
300092.SZ,科新机电,2010/7/8
300093.SZ,金刚玻璃,2010/7/8
300094.SZ,国联水产,2010/7/8
300095.SZ,华伍股份,2010/7/28
300096.SZ,易联众,2010/7/28
300097.SZ,智云股份,2010/7/28
300098.SZ,高新兴,2010/7/28
300099.SZ,精准信息,2010/8/6
300100.SZ,双林股份,2010/8/6
300101.SZ,振芯科技,2010/8/6
300102.SZ,乾照光电,2010/8/12
300103.SZ,达刚控股,2010/8/12
300104.SZ,乐视网,2010/8/12
300105.SZ,龙源技术,2010/8/20
300106.SZ,西部牧业,2010/8/20
300107.SZ,建新股份,2010/8/20
300108.SZ,吉药控股,2010/8/25
300109.SZ,新开源,2010/8/25
300110.SZ,华仁药业,2010/8/25
300111.SZ,向日葵,2010/8/27
300112.SZ,万讯自控,2010/8/27
300113.SZ,顺网科技,2010/8/27
300114.SZ,中航电测,2010/8/27
300115.SZ,长盈精密,2010/9/2
300116.SZ,坚瑞沃能,2010/9/2
300117.SZ,嘉寓股份,2010/9/2
300118.SZ,东方日升,2010/9/2
300119.SZ,瑞普生物,2010/9/17
300120.SZ,经纬辉开,2010/9/17
300121.SZ,阳谷华泰,2010/9/17
300122.SZ,智飞生物,2010/9/28
300123.SZ,亚光科技,2010/9/28
300124.SZ,汇川技术,2010/9/28
300125.SZ,易世达,2010/10/13
300126.SZ,锐奇股份,2010/10/13
300127.SZ,银河磁体,2010/10/13
300128.SZ,锦富技术,2010/10/13
300129.SZ,泰胜风能,2010/10/19
300130.SZ,新国都,2010/10/19
300131.SZ,英唐智控,2010/10/19
300132.SZ,青松股份,2010/10/26
300133.SZ,华策影视,2010/10/26
300134.SZ,大富科技,2010/10/26
300135.SZ,宝利国际,2010/10/26
300136.SZ,信维通信,2010/11/5
300137.SZ,先河环保,2010/11/5
300138.SZ,晨光生物,2010/11/5
300139.SZ,晓程科技,2010/11/12
300140.SZ,中环装备,2010/11/12
300141.SZ,和顺电气,2010/11/12
300142.SZ,沃森生物,2010/11/12
300143.SZ,盈康生命,2010/12/9
300144.SZ,宋城演艺,2010/12/9
300145.SZ,中金环境,2010/12/9
300146.SZ,汤臣倍健,2010/12/15
300147.SZ,香雪制药,2010/12/15
300148.SZ,天舟文化,2010/12/15
300149.SZ,量子生物,2010/12/22
300150.SZ,世纪瑞尔,2010/12/22
300151.SZ,昌红科技,2010/12/22
300152.SZ,科融环境,2010/12/29
300153.SZ,科泰电源,2010/12/29
300154.SZ,瑞凌股份,2010/12/29
300155.SZ,安居宝,2011/1/7
300156.SZ,神雾环保,2011/1/7
300157.SZ,恒泰艾普,2011/1/7
300158.SZ,振东制药,2011/1/7
300159.SZ,新研股份,2011/1/7
300160.SZ,秀强股份,2011/1/13
300161.SZ,华中数控,2011/1/13
300162.SZ,雷曼光电,2011/1/13
300163.SZ,先锋新材,2011/1/13
300164.SZ,通源石油,2011/1/13
300165.SZ,天瑞仪器,2011/1/25
300166.SZ,东方国信,2011/1/25
300167.SZ,迪威迅,2011/1/25
300168.SZ,万达信息,2011/1/25
300169.SZ,天晟新材,2011/1/25
300170.SZ,汉得信息,2011/2/1
300171.SZ,东富龙,2011/2/1
300172.SZ,中电环保,2011/2/1
300173.SZ,智慧松德,2011/2/1
300174.SZ,元力股份,2011/2/1
300175.SZ,朗源股份,2011/2/15
300176.SZ,派生科技,2011/2/15
300177.SZ,中海达,2011/2/15
300178.SZ,腾邦国际,2011/2/15
300179.SZ,四方达,2011/2/15
300180.SZ,华峰超纤,2011/2/22
300181.SZ,佐力药业,2011/2/22
300182.SZ,捷成股份,2011/2/22
300183.SZ,东软载波,2011/2/22
300184.SZ,力源信息,2011/2/22
300185.SZ,通裕重工,2011/3/8
300187.SZ,永清环保,2011/3/8
300188.SZ,美亚柏科,2011/3/16
300189.SZ,神农科技,2011/3/16
300190.SZ,维尔利,2011/3/16
300191.SZ,潜能恒信,2011/3/16
300192.SZ,科斯伍德,2011/3/22
300193.SZ,佳士科技,2011/3/22
300194.SZ,福安药业,2011/3/22
300195.SZ,长荣股份,2011/3/29
300196.SZ,长海股份,2011/3/29
300197.SZ,铁汉生态,2011/3/29
300198.SZ,纳川股份,2011/4/7
300199.SZ,翰宇药业,2011/4/7
300200.SZ,高盟新材,2011/4/7
300201.SZ,海伦哲,2011/4/7
300202.SZ,聚龙股份,2011/4/15
300203.SZ,聚光科技,2011/4/15
300204.SZ,舒泰神,2011/4/15
300205.SZ,天喻信息,2011/4/21
300206.SZ,理邦仪器,2011/4/21
300207.SZ,欣旺达,2011/4/21
300208.SZ,青岛中程,2011/4/26
300209.SZ,天泽信息,2011/4/26
300210.SZ,森远股份,2011/4/26
300211.SZ,亿通科技,2011/5/5
300212.SZ,易华录,2011/5/5
300213.SZ,佳讯飞鸿,2011/5/5
300214.SZ,日科化学,2011/5/11
300215.SZ,电科院,2011/5/11
300216.SZ,千山药机,2011/5/11
300217.SZ,东方电热,2011/5/18
300218.SZ,安利股份,2011/5/18
300219.SZ,鸿利智汇,2011/5/18
300220.SZ,金运激光,2011/5/25
300221.SZ,银禧科技,2011/5/25
300222.SZ,科大智能,2011/5/25
300223.SZ,北京君正,2011/5/31
300224.SZ,正海磁材,2011/5/31
300225.SZ,金力泰,2011/5/31
300226.SZ,上海钢联,2011/6/8
300227.SZ,光韵达,2011/6/8
300228.SZ,富瑞特装,2011/6/8
300229.SZ,拓尔思,2011/6/15
300230.SZ,永利股份,2011/6/15
300231.SZ,银信科技,2011/6/15
300232.SZ,洲明科技,2011/6/22
300233.SZ,金城医药,2011/6/22
300234.SZ,开尔新材,2011/6/22
300235.SZ,方直科技,2011/6/29
300236.SZ,上海新阳,2011/6/29
300237.SZ,美晨生态,2011/6/29
300238.SZ,冠昊生物,2011/7/6
300239.SZ,东宝生物,2011/7/6
300240.SZ,飞力达,2011/7/6
300241.SZ,瑞丰光电,2011/7/12
300242.SZ,佳云科技,2011/7/12
300243.SZ,瑞丰高材,2011/7/12
300244.SZ,迪安诊断,2011/7/19
300245.SZ,天玑科技,2011/7/19
300246.SZ,宝莱特,2011/7/19
300247.SZ,融捷健康,2011/7/29
300248.SZ,新开普,2011/7/29
300249.SZ,依米康,2011/8/3
300250.SZ,初灵信息,2011/8/3
300251.SZ,光线传媒,2011/8/3
300252.SZ,金信诺,2011/8/18
300253.SZ,卫宁健康,2011/8/18
300254.SZ,仟源医药,2011/8/19
300255.SZ,常山药业,2011/8/19
300256.SZ,星星科技,2011/8/19
300257.SZ,开山股份,2011/8/19
300258.SZ,精锻科技,2011/8/26
300259.SZ,新天科技,2011/8/31
300260.SZ,新莱应材,2011/9/6
300261.SZ,雅本化学,2011/9/6
300262.SZ,巴安水务,2011/9/16
300263.SZ,隆华科技,2011/9/16
300264.SZ,佳创视讯,2011/9/16
300265.SZ,通光线缆,2011/9/16
300266.SZ,兴源环境,2011/9/27
300267.SZ,尔康制药,2011/9/27
300268.SZ,佳沃股份,2011/9/27
300269.SZ,联建光电,2011/10/12
300270.SZ,中威电子,2011/10/12
300271.SZ,华宇软件,2011/10/26
300272.SZ,开能健康,2011/11/2
300273.SZ,和佳股份,2011/10/26
300274.SZ,阳光电源,2011/11/2
300275.SZ,梅安森,2011/11/2
300276.SZ,三丰智能,2011/11/15
300277.SZ,海联讯,2011/11/23
300278.SZ,华昌达,2011/12/16
300279.SZ,和晶科技,2011/12/29
300280.SZ,紫天科技,2011/12/29
300281.SZ,金明精机,2011/12/29
300282.SZ,三盛教育,2011/12/29
300283.SZ,温州宏丰,2012/1/10
300284.SZ,苏交科,2012/1/10
300285.SZ,国瓷材料,2012/1/13
300286.SZ,安科瑞,2012/1/13
300287.SZ,飞利信,2012/2/1
300288.SZ,朗玛信息,2012/2/16
300289.SZ,利德曼,2012/2/16
300290.SZ,荣科科技,2012/2/16
300291.SZ,华录百纳,2012/2/9
300292.SZ,吴通控股,2012/2/29
300293.SZ,蓝英装备,2012/3/8
300294.SZ,博雅生物,2012/3/8
300295.SZ,三六五网,2012/3/15
300296.SZ,利亚德,2012/3/15
300297.SZ,蓝盾股份,2012/3/15
300298.SZ,三诺生物,2012/3/19
300299.SZ,富春股份,2012/3/19
300300.SZ,汉鼎宇佑,2012/3/19
300301.SZ,长方集团,2012/3/21
300302.SZ,同有科技,2012/3/21
300303.SZ,聚飞光电,2012/3/19
300304.SZ,云意电气,2012/3/21
300305.SZ,裕兴股份,2012/3/29
300306.SZ,远方信息,2012/3/29
300307.SZ,慈星股份,2012/3/29
300308.SZ,中际旭创,2012/4/10
300309.SZ,吉艾科技,2012/4/10
300310.SZ,宜通世纪,2012/4/25
300311.SZ,任子行,2012/4/25
300312.SZ,邦讯技术,2012/5/8
300313.SZ,天山生物,2012/4/25
300314.SZ,戴维医疗,2012/5/8
300315.SZ,掌趣科技,2012/5/11
300316.SZ,晶盛机电,2012/5/11
300317.SZ,珈伟新能,2012/5/11
300318.SZ,博晖创新,2012/5/23
300319.SZ,麦捷科技,2012/5/23
300320.SZ,海达股份,2012/6/1
300321.SZ,同大股份,2012/5/23
300322.SZ,硕贝德,2012/6/8
300323.SZ,华灿光电,2012/6/1
300324.SZ,旋极信息,2012/6/8
300325.SZ,德威新材,2012/6/1
300326.SZ,凯利泰,2012/6/13
300327.SZ,中颖电子,2012/6/13
300328.SZ,宜安科技,2012/6/19
300329.SZ,海伦钢琴,2012/6/19
300330.SZ,华虹计通,2012/6/19
300331.SZ,苏大维格,2012/6/28
300332.SZ,天壕环境,2012/6/28
300333.SZ,兆日科技,2012/6/28
300334.SZ,津膜科技,2012/7/5
300335.SZ,迪森股份,2012/7/10
300336.SZ,新文化,2012/7/10
300337.SZ,银邦股份,2012/7/18
300338.SZ,开元股份,2012/7/26
300339.SZ,润和软件,2012/7/18
300340.SZ,科恒股份,2012/7/26
300341.SZ,麦克奥迪,2012/7/26
300342.SZ,天银机电,2012/7/26
300343.SZ,联创股份,2012/8/1
300344.SZ,太空智造,2012/8/1
300345.SZ,红宇新材,2012/8/1
300346.SZ,南大光电,2012/8/7
300347.SZ,泰格医药,2012/8/17
300348.SZ,长亮科技,2012/8/17
300349.SZ,金卡智能,2012/8/17
300350.SZ,华鹏飞,2012/8/21
300351.SZ,永贵电器,2012/9/20
300352.SZ,北信源,2012/9/12
300353.SZ,东土科技,2012/9/27
300354.SZ,东华测试,2012/9/20
300355.SZ,蒙草生态,2012/9/27
300356.SZ,光一科技,2012/10/9
300357.SZ,我武生物,2014/1/21
300358.SZ,楚天科技,2014/1/21
300359.SZ,全通教育,2014/1/21
300360.SZ,炬华科技,2014/1/21
300362.SZ,天翔环境,2014/1/21
300363.SZ,博腾股份,2014/1/29
300364.SZ,中文在线,2015/1/21
300365.SZ,恒华科技,2014/1/23
300366.SZ,创意信息,2014/1/27
300367.SZ,东方网力,2014/1/29
300368.SZ,汇金股份,2014/1/23
300369.SZ,绿盟科技,2014/1/29
300370.SZ,安控科技,2014/1/23
300371.SZ,汇中股份,2014/1/23
300373.SZ,扬杰科技,2014/1/23
300374.SZ,恒通科技,2015/3/19
300375.SZ,鹏翎股份,2014/1/27
300376.SZ,易事特,2014/1/27
300377.SZ,赢时胜,2014/1/27
300378.SZ,鼎捷软件,2014/1/27
300379.SZ,东方通,2014/1/28
300380.SZ,安硕信息,2014/1/28
300381.SZ,溢多利,2014/1/28
300382.SZ,斯莱克,2014/1/29
300383.SZ,光环新网,2014/1/29
300384.SZ,三联虹普,2014/8/1
300385.SZ,雪浪环境,2014/6/26
300386.SZ,飞天诚信,2014/6/26
300387.SZ,富邦股份,2014/7/2
300388.SZ,国祯环保,2014/8/1
300389.SZ,艾比森,2014/8/1
300390.SZ,天华超净,2014/7/31
300391.SZ,康跃科技,2014/8/1
300392.SZ,腾信股份,2014/9/10
300393.SZ,中来股份,2014/9/12
300394.SZ,天孚通信,2015/2/17
300395.SZ,菲利华,2014/9/10
300396.SZ,迪瑞医疗,2014/9/10
300397.SZ,天和防务,2014/9/10
300398.SZ,飞凯材料,2014/10/9
300399.SZ,京天利,2014/10/9
300400.SZ,劲拓股份,2014/10/10
300401.SZ,花园生物,2014/10/9
300402.SZ,宝色股份,2014/10/10
300403.SZ,汉宇集团,2014/10/30
300404.SZ,博济医药,2015/4/24
300405.SZ,科隆股份,2014/10/30
300406.SZ,九强生物,2014/10/30
300407.SZ,凯发电气,2014/12/3
300408.SZ,三环集团,2014/12/3
300409.SZ,道氏技术,2014/12/3
300410.SZ,正业科技,2014/12/31
300411.SZ,金盾股份,2014/12/31
300412.SZ,迦南科技,2014/12/31
300413.SZ,芒果超媒,2015/1/21
300414.SZ,中光防雷,2015/5/13
300415.SZ,伊之密,2015/1/23
300416.SZ,苏试试验,2015/1/22
300417.SZ,南华仪器,2015/1/23
300418.SZ,昆仑万维,2015/1/21
300419.SZ,浩丰科技,2015/1/22
300420.SZ,五洋停车,2015/2/17
300421.SZ,力星股份,2015/2/17
300422.SZ,博世科,2015/2/17
300423.SZ,鲁亿通,2015/2/17
300424.SZ,航新科技,2015/4/22
300425.SZ,中建环能,2015/2/16
300426.SZ,唐德影视,2015/2/17
300427.SZ,红相股份,2015/2/17
300428.SZ,四通新材,2015/3/19
300429.SZ,强力新材,2015/3/24
300430.SZ,诚益通,2015/3/19
300431.SZ,暴风集团,2015/3/24
300432.SZ,富临精工,2015/3/19
300433.SZ,蓝思科技,2015/3/18
300434.SZ,金石亚药,2015/4/24
300435.SZ,中泰股份,2015/3/26
300436.SZ,广生堂,2015/4/22
300437.SZ,清水源,2015/4/23
300438.SZ,鹏辉能源,2015/4/24
300439.SZ,美康生物,2015/4/22
300440.SZ,运达科技,2015/4/23
300441.SZ,鲍斯股份,2015/4/23
300442.SZ,普丽盛,2015/4/24
300443.SZ,金雷股份,2015/4/22
300444.SZ,双杰电气,2015/4/23
300445.SZ,康斯特,2015/4/24
300446.SZ,乐凯新材,2015/4/23
300447.SZ,全信股份,2015/4/22
300448.SZ,浩云科技,2015/4/24
300449.SZ,汉邦高科,2015/4/22
300450.SZ,先导智能,2015/5/18
300451.SZ,创业慧康,2015/5/14
300452.SZ,山河药辅,2015/5/15
300453.SZ,三鑫医疗,2015/5/15
300454.SZ,深信服,2018/5/16
300455.SZ,康拓红外,2015/5/15
300456.SZ,耐威科技,2015/5/14
300457.SZ,赢合科技,2015/5/14
300458.SZ,全志科技,2015/5/15
300459.SZ,金科文化,2015/5/15
300460.SZ,惠伦晶体,2015/5/15
300461.SZ,田中精机,2015/5/19
300462.SZ,华铭智能,2015/5/27
300463.SZ,迈克生物,2015/5/28
300464.SZ,星徽精密,2015/6/10
300465.SZ,高伟达,2015/5/28
300466.SZ,赛摩电气,2015/5/28
300467.SZ,迅游科技,2015/5/27
300468.SZ,四方精创,2015/5/27
300469.SZ,信息发展,2015/6/11
300470.SZ,中密控股,2015/6/12
300471.SZ,厚普股份,2015/6/11
300472.SZ,新元科技,2015/6/11
300473.SZ,德尔股份,2015/6/12
300474.SZ,景嘉微,2016/3/31
300475.SZ,聚隆科技,2015/6/10
300476.SZ,胜宏科技,2015/6/11
300477.SZ,合纵科技,2015/6/10
300478.SZ,杭州高新,2015/6/10
300479.SZ,神思电子,2015/6/12
300480.SZ,光力科技,2015/7/2
300481.SZ,濮阳惠成,2015/6/30
300482.SZ,万孚生物,2015/6/30
300483.SZ,沃施股份,2015/6/30
300484.SZ,蓝海华腾,2016/3/22
300485.SZ,赛升药业,2015/6/26
300486.SZ,东杰智能,2015/6/30
300487.SZ,蓝晓科技,2015/7/2
300488.SZ,恒锋工具,2015/7/1
300489.SZ,中飞股份,2015/7/1
300490.SZ,华自科技,2015/12/31
300491.SZ,通合科技,2015/12/31
300492.SZ,山鼎设计,2015/12/23
300493.SZ,润欣科技,2015/12/10
300494.SZ,盛天网络,2015/12/31
300495.SZ,美尚生态,2015/12/22
300496.SZ,中科创达,2015/12/10
300497.SZ,富祥股份,2015/12/22
300498.SZ,温氏股份,2015/11/2
300499.SZ,高澜股份,2016/2/2
300500.SZ,启迪设计,2016/2/4
300501.SZ,海顺新材,2016/2/4
300502.SZ,新易盛,2016/3/3
300503.SZ,昊志机电,2016/3/9
300504.SZ,天邑股份,2018/3/30
300505.SZ,川金诺,2016/3/15
300506.SZ,名家汇,2016/3/24
300507.SZ,苏奥传感,2016/4/29
300508.SZ,维宏股份,2016/4/19
300509.SZ,新美星,2016/4/25
300510.SZ,金冠股份,2016/5/6
300511.SZ,雪榕生物,2016/5/4
300512.SZ,中亚股份,2016/5/26
300513.SZ,恒实科技,2016/5/30
300514.SZ,友讯达,2017/4/26
300515.SZ,三德科技,2016/6/8
300516.SZ,久之洋,2016/6/2
300517.SZ,海波重科,2016/7/19
300518.SZ,盛讯达,2016/6/24
300519.SZ,新光药业,2016/6/24
300520.SZ,科大国创,2016/7/8
300521.SZ,爱司凯,2016/7/5
300522.SZ,世名科技,2016/7/5
300523.SZ,辰安科技,2016/7/26
300525.SZ,博思软件,2016/7/26
300526.SZ,中潜股份,2016/8/2
300527.SZ,中国应急,2016/8/5
300528.SZ,幸福蓝海,2016/8/8
300529.SZ,健帆生物,2016/8/2
300530.SZ,达志科技,2016/8/9
300531.SZ,优博讯,2016/8/9
300532.SZ,今天国际,2016/8/18
300533.SZ,冰川网络,2016/8/18
300534.SZ,陇神戎发,2016/9/13
300535.SZ,达威股份,2016/8/12
300536.SZ,农尚环境,2016/9/20
300537.SZ,广信材料,2016/8/30
300538.SZ,同益股份,2016/8/26
300539.SZ,横河模具,2016/8/30
300540.SZ,深冷股份,2016/8/23
300541.SZ,先进数通,2016/9/13
300542.SZ,新晨科技,2016/9/20
300543.SZ,朗科智能,2016/9/8
300545.SZ,联得装备,2016/9/28
300546.SZ,雄帝科技,2016/9/28
300547.SZ,川环科技,2016/9/30
300548.SZ,博创科技,2016/10/12
300549.SZ,优德精密,2016/9/30
300550.SZ,和仁科技,2016/10/18
300551.SZ,古鳌科技,2016/10/18
300552.SZ,万集科技,2016/10/21
300553.SZ,集智股份,2016/10/21
300554.SZ,三超新材,2017/4/21
300555.SZ,路通视信,2016/10/18
300556.SZ,丝路视觉,2016/11/4
300557.SZ,理工光科,2016/11/1
300558.SZ,贝达药业,2016/11/7
300559.SZ,佳发教育,2016/11/1
300560.SZ,中富通,2016/11/1
300561.SZ,汇金科技,2016/11/17
300562.SZ,乐心医疗,2016/11/16
300563.SZ,神宇股份,2016/11/14
300564.SZ,筑博设计,2019/11/8
300565.SZ,科信技术,2016/11/22
300566.SZ,激智科技,2016/11/15
300567.SZ,精测电子,2016/11/22
300568.SZ,星源材质,2016/12/1
300569.SZ,天能重工,2016/11/25
300570.SZ,太辰光,2016/12/6
300571.SZ,平治信息,2016/12/13
300572.SZ,安车检测,2016/12/6
300573.SZ,兴齐眼药,2016/12/8
300575.SZ,中旗股份,2016/12/20
300576.SZ,容大感光,2016/12/20
300577.SZ,开润股份,2016/12/21
300578.SZ,会畅通讯,2017/1/25
300579.SZ,数字认证,2016/12/23
300580.SZ,贝斯特,2017/1/11
300581.SZ,晨曦航空,2016/12/20
300582.SZ,英飞特,2016/12/28
300583.SZ,赛托生物,2017/1/6
300584.SZ,海辰药业,2017/1/12
300585.SZ,奥联电子,2016/12/29
300586.SZ,美联新材,2017/1/4
300587.SZ,天铁股份,2017/1/5
300588.SZ,熙菱信息,2017/1/5
300589.SZ,江龙船艇,2017/1/13
300590.SZ,移为通信,2017/1/11
300591.SZ,万里马,2017/1/10
300592.SZ,华凯创意,2017/1/20
300593.SZ,新雷能,2017/1/13
300594.SZ,朗进科技,2019/6/21
300595.SZ,欧普康视,2017/1/17
300596.SZ,利安隆,2017/1/19
300597.SZ,吉大通信,2017/1/23
300598.SZ,诚迈科技,2017/1/20
300599.SZ,雄塑科技,2017/1/23
300600.SZ,瑞特股份,2017/1/25
300601.SZ,康泰生物,2017/2/7
300602.SZ,飞荣达,2017/1/26
300603.SZ,立昂技术,2017/1/26
300604.SZ,长川科技,2017/4/17
300605.SZ,恒锋信息,2017/2/8
300606.SZ,金太阳,2017/2/8
300607.SZ,拓斯达,2017/2/9
300608.SZ,思特奇,2017/2/13
300609.SZ,汇纳科技,2017/2/15
300610.SZ,晨化股份,2017/2/13
300611.SZ,美力科技,2017/2/20
300612.SZ,宣亚国际,2017/2/15
300613.SZ,富瀚微,2017/2/20
300615.SZ,欣天科技,2017/2/15
300616.SZ,尚品宅配,2017/3/7
300617.SZ,安靠智电,2017/2/28
300618.SZ,寒锐钴业,2017/3/6
300619.SZ,金银河,2017/3/1
300620.SZ,光库科技,2017/3/10
300621.SZ,维业股份,2017/3/16
300622.SZ,博士眼镜,2017/3/15
300623.SZ,捷捷微电,2017/3/14
300624.SZ,万兴科技,2018/1/18
300625.SZ,三雄极光,2017/3/17
300626.SZ,华瑞股份,2017/3/20
300627.SZ,华测导航,2017/3/21
300628.SZ,亿联网络,2017/3/17
300629.SZ,新劲刚,2017/3/24
300630.SZ,普利制药,2017/3/28
300631.SZ,久吾高科,2017/3/23
300632.SZ,光莆股份,2017/4/6
300633.SZ,开立医疗,2017/4/6
300634.SZ,彩讯股份,2018/3/23
300635.SZ,中达安,2017/3/31
300636.SZ,同和药业,2017/3/31
300637.SZ,扬帆新材,2017/4/12
300638.SZ,广和通,2017/4/13
300639.SZ,凯普生物,2017/4/12
300640.SZ,德艺文创,2017/4/17
300641.SZ,正丹股份,2017/4/18
300642.SZ,透景生命,2017/4/21
300643.SZ,万通智控,2017/5/5
300644.SZ,南京聚隆,2018/2/6
300645.SZ,正元智慧,2017/4/21
300647.SZ,超频三,2017/5/3
300648.SZ,星云股份,2017/4/25
300649.SZ,杭州园林,2017/5/5
300650.SZ,太龙照明,2017/5/3
300651.SZ,金陵体育,2017/5/9
300652.SZ,雷迪克,2017/5/16
300653.SZ,正海生物,2017/5/16
300654.SZ,世纪天鸿,2017/9/26
300655.SZ,晶瑞股份,2017/5/23
300656.SZ,民德电子,2017/5/19
300657.SZ,弘信电子,2017/5/23
300658.SZ,延江股份,2017/6/2
300659.SZ,中孚信息,2017/5/26
300660.SZ,江苏雷利,2017/6/2
300661.SZ,圣邦股份,2017/6/6
300662.SZ,科锐国际,2017/6/8
300663.SZ,科蓝软件,2017/6/8
300664.SZ,鹏鹞环保,2018/1/5
300665.SZ,飞鹿股份,2017/6/13
300666.SZ,江丰电子,2017/6/15
300667.SZ,必创科技,2017/6/19
300668.SZ,杰恩设计,2017/6/19
300669.SZ,沪宁股份,2017/6/29
300670.SZ,大烨智能,2017/7/3
300671.SZ,富满电子,2017/7/5
300672.SZ,国科微,2017/7/12
300673.SZ,佩蒂股份,2017/7/11
300674.SZ,宇信科技,2018/11/7
300675.SZ,建科院,2017/7/19
300676.SZ,华大基因,2017/7/14
300677.SZ,英科医疗,2017/7/21
300678.SZ,中科信息,2017/7/28
300679.SZ,电连技术,2017/7/31
300680.SZ,隆盛科技,2017/7/25
300681.SZ,英搏尔,2017/7/25
300682.SZ,朗新科技,2017/8/1
300683.SZ,海特生物,2017/8/8
300684.SZ,中石科技,2017/12/27
300685.SZ,艾德生物,2017/8/2
300686.SZ,智动力,2017/8/4
300687.SZ,赛意信息,2017/8/3
300688.SZ,创业黑马,2017/8/10
300689.SZ,澄天伟业,2017/8/9
300690.SZ,双一科技,2017/8/8
300691.SZ,联合光电,2017/8/11
300692.SZ,中环环保,2017/8/21
300693.SZ,盛弘股份,2017/8/22
300694.SZ,蠡湖股份,2018/10/15
300695.SZ,兆丰股份,2017/9/8
300696.SZ,爱乐达,2017/8/22
300697.SZ,电工合金,2017/9/7
300698.SZ,万马科技,2017/8/31
300699.SZ,光威复材,2017/9/1
300700.SZ,岱勒新材,2017/9/12
300701.SZ,森霸传感,2017/9/15
300702.SZ,天宇股份,2017/9/19
300703.SZ,创源文化,2017/9/19
300705.SZ,九典制药,2017/10/10
300706.SZ,阿石创,2017/9/26
300707.SZ,威唐工业,2017/10/10
300708.SZ,聚灿光电,2017/10/16
300709.SZ,精研科技,2017/10/19
300710.SZ,万隆光电,2017/10/19
300711.SZ,广哈通信,2017/11/1
300712.SZ,永福股份,2017/10/31
300713.SZ,英可瑞,2017/11/1
300715.SZ,凯伦股份,2017/10/26
300716.SZ,国立科技,2017/11/9
300717.SZ,华信新材,2017/11/6
300718.SZ,长盛轴承,2017/11/6
300719.SZ,安达维尔,2017/11/9
300720.SZ,海川智能,2017/11/6
300721.SZ,怡达股份,2017/11/15
300722.SZ,新余国科,2017/11/10
300723.SZ,一品红,2017/11/16
300724.SZ,捷佳伟创,2018/8/10
300725.SZ,药石科技,2017/11/10
300726.SZ,宏达电子,2017/11/21
300727.SZ,润禾材料,2017/11/27
300729.SZ,乐歌股份,2017/12/1
300730.SZ,科创信息,2017/12/5
300731.SZ,科创新源,2017/12/8
300732.SZ,设研院,2017/12/12
300733.SZ,西菱动力,2018/1/16
300735.SZ,光弘科技,2017/12/29
300736.SZ,百邦科技,2018/1/9
300737.SZ,科顺股份,2018/1/25
300738.SZ,奥飞数据,2018/1/19
300739.SZ,明阳电路,2018/2/1
300740.SZ,御家汇,2018/2/8
300741.SZ,华宝股份,2018/3/1
300742.SZ,越博动力,2018/5/8
300743.SZ,天地数码,2018/4/27
300745.SZ,欣锐科技,2018/5/23
300746.SZ,汉嘉设计,2018/5/25
300747.SZ,锐科激光,2018/6/25
300748.SZ,金力永磁,2018/9/21
300749.SZ,顶固集创,2018/9/25
300750.SZ,宁德时代,2018/6/11
300751.SZ,迈为股份,2018/11/9
300752.SZ,隆利科技,2018/11/30
300753.SZ,爱朋医疗,2018/12/13
300755.SZ,华致酒行,2019/1/29
300756.SZ,中山金马,2018/12/28
300757.SZ,罗博特科,2019/1/8
300758.SZ,七彩化学,2019/2/22
300759.SZ,康龙化成,2019/1/28
300760.SZ,迈瑞医疗,2018/10/16
300761.SZ,立华股份,2019/2/18
300762.SZ,上海瀚讯,2019/3/14
300763.SZ,锦浪科技,2019/3/19
300765.SZ,新诺威,2019/3/22
300766.SZ,每日互动,2019/3/25
300767.SZ,震安科技,2019/3/29
300768.SZ,迪普科技,2019/4/12
300769.SZ,德方纳米,2019/4/15
300770.SZ,新媒股份,2019/4/19
300771.SZ,智莱科技,2019/4/22
300772.SZ,运达股份,2019/4/26
300773.SZ,拉卡拉,2019/4/25
300775.SZ,三角防务,2019/5/21
300776.SZ,帝尔激光,2019/5/17
300777.SZ,中简科技,2019/5/16
300778.SZ,新城市,2019/5/10
300779.SZ,惠城环保,2019/5/22
300780.SZ,德恩精工,2019/5/31
300781.SZ,因赛集团,2019/6/6
300782.SZ,卓胜微,2019/6/18
300783.SZ,三只松鼠,2019/7/12
300785.SZ,值得买,2019/7/15
300786.SZ,国林科技,2019/7/23
300787.SZ,海能实业,2019/8/15
300788.SZ,中信出版,2019/7/5
300789.SZ,唐源电气,2019/8/28
300790.SZ,宇瞳光学,2019/9/20
300791.SZ,仙乐健康,2019/9/25
300792.SZ,壹网壹创,2019/9/27
300793.SZ,佳禾智能,2019/10/18
300795.SZ,米奥兰特,2019/10/22
300796.SZ,贝斯美,2019/11/15
300797.SZ,钢研纳克,2019/11/1
300798.SZ,锦鸡股份,2019/11/22
300799.SZ,左江科技,2019/10/29
300800.SZ,力合科技,2019/11/6
300801.SZ,泰和科技,2019/11/28
300802.SZ,矩子科技,2019/11/14
300803.SZ,指南针,2019/11/18
300805.SZ,电声股份,2019/11/21
300806.SZ,斯迪克,2019/11/25
300807.SZ,天迈科技,2019/12/19
300808.SZ,久量股份,2019/11/29
300809.SZ,华辰装备,2019/12/4
300810.SZ,中科海讯,2019/12/6
300811.SZ,铂科新材,2019/12/30
300812.SZ,易天股份,2020/1/9
300813.SZ,泰林生物,2020/1/14
300815.SZ,玉禾田,2020/1/23
300816.SZ,艾可蓝,2020/2/10
300817.SZ,双飞股份,2020/2/18
300818.SZ,耐普矿机,2020/2/12
300819.SZ,聚杰微纤,2020/3/12
300820.SZ,英杰电气,2020/2/13
300821.SZ,东岳硅材,2020/3/12
300822.SZ,贝仕达克,2020/3/13
300823.SZ,建科机械,2020/3/19
600000.SH,浦发银行,1999/11/10
600004.SH,白云机场,2003/4/28
600006.SH,东风汽车,1999/7/27
600007.SH,中国国贸,1999/3/12
600008.SH,首创股份,2000/4/27
600009.SH,上海机场,1998/2/18
600010.SH,包钢股份,2001/3/9
600011.SH,华能国际,2001/12/6
600012.SH,皖通高速,2003/1/7
600015.SH,华夏银行,2003/9/12
600016.SH,民生银行,2000/12/19
600017.SH,日照港,2006/10/17
600018.SH,上港集团,2006/10/26
600019.SH,宝钢股份,2000/12/12
600020.SH,中原高速,2003/8/8
600021.SH,上海电力,2003/10/29
600022.SH,山东钢铁,2004/6/29
600023.SH,浙能电力,2013/12/19
600025.SH,华能水电,2017/12/15
600026.SH,中远海能,2002/5/23
600027.SH,华电国际,2005/2/3
600028.SH,中国石化,2001/8/8
600029.SH,南方航空,2003/7/25
600030.SH,中信证券,2003/1/6
600031.SH,三一重工,2003/7/3
600033.SH,福建高速,2001/2/9
600035.SH,楚天高速,2004/3/10
600036.SH,招商银行,2002/4/9
600037.SH,歌华有线,2001/2/8
600038.SH,中直股份,2000/12/18
600039.SH,四川路桥,2003/3/25
600048.SH,保利地产,2006/7/31
600050.SH,中国联通,2002/10/9
600051.SH,宁波联合,1997/4/10
600052.SH,浙江广厦,1997/4/15
600053.SH,九鼎投资,1997/4/18
600054.SH,黄山旅游,1997/5/6
600055.SH,万东医疗,1997/5/19
600056.SH,中国医药,1997/5/15
600057.SH,厦门象屿,1997/6/4
600058.SH,五矿发展,1997/5/28
600059.SH,古越龙山,1997/5/16
600060.SH,海信视像,1997/4/22
600061.SH,国投资本,1997/5/19
600062.SH,华润双鹤,1997/5/22
600063.SH,皖维高新,1997/5/28
600064.SH,南京高科,1997/5/6
600066.SH,宇通客车,1997/5/8
600067.SH,冠城大通,1997/5/8
600068.SH,葛洲坝,1997/5/26
600069.SH,银鸽投资,1997/4/30
600070.SH,浙江富润,1997/6/4
600071.SH,凤凰光学,1997/5/28
600072.SH,中船科技,1997/6/3
600073.SH,上海梅林,1997/7/4
600074.SH,*ST保千,1997/6/23
600075.SH,新疆天业,1997/6/17
600076.SH,康欣新材,1997/5/26
600077.SH,宋都股份,1997/5/20
600078.SH,澄星股份,1997/6/27
600079.SH,人福医药,1997/6/6
600080.SH,金花股份,1997/6/12
600081.SH,东风科技,1997/7/3
600082.SH,海泰发展,1997/6/20
600083.SH,博信股份,1997/6/6
600084.SH,*ST中葡,1997/7/11
600085.SH,同仁堂,1997/6/25
600086.SH,东方金钰,1997/6/6
600088.SH,中视传媒,1997/6/16
600089.SH,特变电工,1997/6/18
600090.SH,同济堂,1997/6/16
600091.SH,ST明科,1997/7/4
600093.SH,易见股份,1997/6/26
600094.SH,大名城,1997/7/3
600095.SH,哈高科,1997/7/8
600096.SH,云天化,1997/7/9
600097.SH,开创国际,1997/6/19
600098.SH,广州发展,1997/7/18
600099.SH,林海股份,1997/7/4
600100.SH,同方股份,1997/6/27
600101.SH,明星电力,1997/6/27
600103.SH,青山纸业,1997/7/3
600104.SH,上汽集团,1997/11/25
600105.SH,永鼎股份,1997/9/29
600106.SH,重庆路桥,1997/6/18
600107.SH,美尔雅,1997/11/6
600108.SH,亚盛集团,1997/8/18
600109.SH,国金证券,1997/8/7
600110.SH,诺德股份,1997/10/7
600111.SH,北方稀土,1997/9/24
600112.SH,ST天成,1997/11/27
600113.SH,浙江东日,1997/10/21
600114.SH,东睦股份,2004/5/11
600115.SH,东方航空,1997/11/5
600116.SH,三峡水利,1997/8/4
600117.SH,西宁特钢,1997/10/15
600118.SH,中国卫星,1997/9/8
600119.SH,*ST长投,1998/1/15
600120.SH,浙江东方,1997/12/1
600121.SH,郑州煤电,1998/1/7
600122.SH,宏图高科,1998/4/20
600123.SH,兰花科创,1998/12/17
600125.SH,铁龙物流,1998/5/11
600126.SH,杭钢股份,1998/3/11
600127.SH,金健米业,1998/5/6
600128.SH,弘业股份,1997/9/1
600129.SH,太极集团,1997/11/18
600130.SH,波导股份,2000/7/6
600131.SH,国网信通,1998/4/2
600132.SH,重庆啤酒,1997/10/30
600133.SH,东湖高新,1998/2/12
600135.SH,乐凯胶片,1998/1/22
600136.SH,当代明诚,1998/3/3
600137.SH,浪莎股份,1998/4/16
600138.SH,中青旅,1997/12/3
600139.SH,西部资源,1998/2/25
600141.SH,兴发集团,1999/6/16
600143.SH,金发科技,2004/6/23
600145.SH,*ST新亿,1999/9/23
600146.SH,商赢环球,1999/7/7
600148.SH,长春一东,1998/5/20
600149.SH,ST坊展,1999/10/14
600150.SH,中国船舶,1998/5/20
600151.SH,航天机电,1998/6/5
600152.SH,维科技术,1998/6/9
600153.SH,建发股份,1998/6/16
600155.SH,华创阳安,1998/9/18
600156.SH,华升股份,1998/5/27
600157.SH,永泰能源,1998/5/13
600158.SH,中体产业,1998/3/27
600159.SH,大龙地产,1998/5/26
600160.SH,巨化股份,1998/6/26
600161.SH,天坛生物,1998/6/16
600162.SH,香江控股,1998/6/9
600163.SH,中闽能源,1998/6/2
600165.SH,新日恒力,1998/5/29
600166.SH,福田汽车,1998/6/2
600167.SH,联美控股,1999/1/28
600168.SH,武汉控股,1998/4/27
600169.SH,太原重工,1998/9/4
600170.SH,上海建工,1998/6/23
600171.SH,上海贝岭,1998/9/24
600172.SH,黄河旋风,1998/11/26
600173.SH,卧龙地产,1999/4/15
600175.SH,美都能源,1999/4/8
600176.SH,中国巨石,1999/4/22
600177.SH,雅戈尔,1998/11/19
600178.SH,东安动力,1998/10/14
600179.SH,ST安通,1998/11/4
600180.SH,瑞茂通,1998/7/3
600182.SH,S佳通,1999/5/7
600183.SH,生益科技,1998/10/28
600184.SH,光电股份,2003/11/6
600185.SH,格力地产,1999/6/11
600186.SH,*ST莲花,1998/8/25
600187.SH,国中水务,1998/11/11
600188.SH,兖州煤业,1998/7/1
600189.SH,吉林森工,1998/10/7
600190.SH,锦州港,1999/6/9
600191.SH,华资实业,1998/12/10
600192.SH,长城电工,1998/12/24
600193.SH,ST创兴,1999/5/27
600195.SH,中牧股份,1999/1/7
600196.SH,复星医药,1998/8/7
600197.SH,伊力特,1999/9/16
600198.SH,大唐电信,1998/10/21
600199.SH,金种子酒,1998/8/12
600200.SH,江苏吴中,1999/4/1
600201.SH,生物股份,1999/1/15
600202.SH,哈空调,1999/6/3
600203.SH,福日电子,1999/5/14
600206.SH,有研新材,1999/3/19
600207.SH,安彩高科,1999/7/14
600208.SH,新湖中宝,1999/6/23
600209.SH,ST罗顿,1999/3/25
600210.SH,紫江企业,1999/8/24
600211.SH,西藏药业,1999/7/21
600212.SH,江泉实业,1999/8/17
600213.SH,亚星客车,1999/8/31
600215.SH,长春经开,1999/9/9
600216.SH,浙江医药,1999/10/21
600217.SH,中再资环,1999/12/16
600218.SH,全柴动力,1998/12/3
600219.SH,南山铝业,1999/12/23
600220.SH,江苏阳光,1999/9/27
600221.SH,海航控股,1999/11/25
600222.SH,太龙药业,1999/11/5
600223.SH,鲁商发展,2000/1/13
600225.SH,天津松江,2000/1/27
600226.SH,瀚叶股份,1999/11/16
600227.SH,圣济堂,2000/2/21
600228.SH,ST昌九,1999/1/19
600229.SH,城市传媒,2000/3/9
600230.SH,沧州大化,2000/4/6
600231.SH,凌钢股份,2000/5/11
600232.SH,金鹰股份,2000/6/2
600233.SH,圆通速递,2000/6/8
600234.SH,*ST山水,2000/6/15
600235.SH,民丰特纸,2000/6/15
600236.SH,桂冠电力,2000/3/23
600237.SH,铜峰电子,2000/6/9
600238.SH,ST椰岛,2000/1/20
600239.SH,云南城投,1999/12/2
600241.SH,时代万恒,2000/11/28
600242.SH,中昌数据,2000/12/7
600243.SH,青海华鼎,2000/11/20
600246.SH,万通地产,2000/9/22
600247.SH,ST成城,2000/11/23
600248.SH,延长化建,2000/6/22
600249.SH,两面针,2004/1/30
600250.SH,南纺股份,2001/3/6
600251.SH,冠农股份,2003/6/9
600252.SH,中恒集团,2000/11/30
600255.SH,梦舟股份,2000/11/22
600256.SH,广汇能源,2000/5/26
600257.SH,大湖股份,2000/6/12
600258.SH,首旅酒店,2000/6/1
600259.SH,广晟有色,2000/5/25
600260.SH,凯乐科技,2000/7/6
600261.SH,阳光照明,2000/7/20
600262.SH,北方股份,2000/6/30
600265.SH,ST景谷,2000/8/25
600266.SH,城建发展,1999/2/3
600267.SH,海正药业,2000/7/25
600268.SH,国电南自,1999/11/18
600269.SH,赣粤高速,2000/5/18
600271.SH,航天信息,2003/7/11
600272.SH,开开实业,2001/2/28
600273.SH,嘉化能源,2003/6/27
600275.SH,ST昌鱼,2000/8/10
600276.SH,恒瑞医药,2000/10/18
600277.SH,亿利洁能,2000/7/25
600278.SH,东方创业,2000/7/12
600279.SH,重庆港九,2000/7/31
600280.SH,中央商场,2000/9/26
600281.SH,太化股份,2000/11/9
600282.SH,南钢股份,2000/9/19
600283.SH,钱江水利,2000/10/18
600284.SH,浦东建设,2004/3/16
600285.SH,羚锐制药,2000/10/18
600287.SH,江苏舜天,2000/9/1
600288.SH,大恒科技,2000/11/29
600289.SH,*ST信通,2000/7/20
600290.SH,ST华仪,2000/11/6
600291.SH,西水股份,2000/7/31
600292.SH,远达环保,2000/11/1
600293.SH,三峡新材,2000/9/19
600295.SH,鄂尔多斯,2001/4/26
600297.SH,广汇汽车,2000/11/16
600298.SH,安琪酵母,2000/8/18
600299.SH,安迪苏,2000/4/20
600300.SH,维维股份,2000/6/30
600301.SH,ST南化,2000/7/12
600302.SH,标准股份,2000/12/13
600303.SH,曙光股份,2000/12/26
600305.SH,恒顺醋业,2001/2/6
600306.SH,商业城,2000/12/26
600307.SH,酒钢宏兴,2000/12/20
600308.SH,华泰股份,2000/9/28
600309.SH,万华化学,2001/1/5
600310.SH,桂东电力,2001/2/28
600311.SH,荣华实业,2001/6/26
600312.SH,平高电气,2001/2/21
600313.SH,农发种业,2001/1/19
600315.SH,上海家化,2001/3/15
600316.SH,洪都航空,2000/12/15
600317.SH,营口港,2002/1/31
600318.SH,新力金融,2000/12/8
600319.SH,ST亚星,2001/3/26
600320.SH,振华重工,2000/12/21
600321.SH,ST正源,2001/5/24
600322.SH,天房发展,2001/9/10
600323.SH,瀚蓝环境,2000/12/25
600325.SH,华发股份,2004/2/25
600326.SH,西藏天路,2001/1/16
600327.SH,大东方,2002/6/25
600328.SH,兰太实业,2000/12/22
600329.SH,中新药业,2001/6/6
600330.SH,天通股份,2001/1/18
600331.SH,宏达股份,2001/12/20
600332.SH,白云山,2001/2/6
600333.SH,长春燃气,2000/12/11
600335.SH,国机汽车,2001/3/5
600336.SH,澳柯玛,2000/12/29
600337.SH,美克家居,2000/11/27
600338.SH,西藏珠峰,2000/12/27
600339.SH,中油工程,2000/12/25
600340.SH,华夏幸福,2003/12/30
600343.SH,航天动力,2003/4/8
600345.SH,长江通信,2000/12/22
600346.SH,恒力石化,2001/8/20
600348.SH,阳泉煤业,2003/8/21
600350.SH,山东高速,2002/3/18
600351.SH,亚宝药业,2002/9/26
600352.SH,浙江龙盛,2003/8/1
600353.SH,旭光股份,2002/11/20
600354.SH,*ST敦种,2004/1/15
600355.SH,精伦电子,2002/6/13
600356.SH,恒丰纸业,2001/4/19
600358.SH,国旅联合,2000/9/22
600359.SH,新农开发,1999/4/29
600360.SH,华微电子,2001/3/16
600361.SH,华联综超,2001/11/29
600362.SH,江西铜业,2002/1/11
600363.SH,联创光电,2001/3/29
600365.SH,通葡股份,2001/1/15
600366.SH,宁波韵升,2000/10/30
600367.SH,红星发展,2001/3/20
600368.SH,五洲交通,2000/12/21
600369.SH,西南证券,2001/1/9
600370.SH,三房巷,2003/3/6
600371.SH,万向德农,2002/9/16
600372.SH,中航电子,2001/7/6
600373.SH,中文传媒,2002/3/4
600375.SH,华菱星马,2003/4/1
600376.SH,首开股份,2001/3/12
600377.SH,宁沪高速,2001/1/16
600378.SH,昊华科技,2001/1/11
600379.SH,宝光股份,2002/1/16
600380.SH,健康元,2001/6/8
600381.SH,青海春天,2001/5/8
600382.SH,广东明珠,2001/1/18
600383.SH,金地集团,2001/4/12
600385.SH,*ST金泰,2001/7/23
600386.SH,北巴传媒,2001/2/16
600387.SH,海越能源,2004/2/18
600388.SH,龙净环保,2000/12/29
600389.SH,江山股份,2001/1/10
600390.SH,五矿资本,2001/1/15
600391.SH,航发科技,2001/12/12
600392.SH,盛和资源,2003/5/29
600393.SH,粤泰股份,2001/3/19
600395.SH,盘江股份,2001/5/31
600396.SH,*ST金山,2001/3/28
600397.SH,安源煤业,2002/7/2
600398.SH,海澜之家,2000/12/28
600399.SH,ST抚钢,2000/12/29
600400.SH,红豆股份,2001/1/8
600403.SH,大有能源,2003/10/9
600405.SH,动力源,2004/4/1
600406.SH,国电南瑞,2003/10/16
600408.SH,ST安泰,2003/2/12
600409.SH,三友化工,2003/6/18
600410.SH,华胜天成,2004/4/27
600415.SH,小商品城,2002/5/9
600416.SH,湘电股份,2002/7/18
600418.SH,江淮汽车,2001/8/24
600419.SH,天润乳业,2001/6/28
600420.SH,现代制药,2004/6/16
600421.SH,*ST仰帆,2004/6/7
600422.SH,昆药集团,2000/12/6
600423.SH,ST柳化,2003/7/17
600425.SH,青松建化,2003/7/24
600426.SH,华鲁恒升,2002/6/20
600428.SH,中远海特,2002/4/18
600429.SH,三元股份,2003/9/15
600433.SH,冠豪高新,2003/6/19
600435.SH,北方导航,2003/7/4
600436.SH,片仔癀,2003/6/16
600438.SH,通威股份,2004/3/2
600439.SH,瑞贝卡,2003/7/10
600444.SH,国机通用,2004/2/19
600446.SH,金证股份,2003/12/24
600448.SH,华纺股份,2001/9/3
600449.SH,宁夏建材,2003/8/29
600452.SH,涪陵电力,2004/3/3
600455.SH,博通股份,2004/3/29
600456.SH,宝钛股份,2002/4/12
600458.SH,时代新材,2002/12/19
600459.SH,贵研铂业,2003/5/16
600460.SH,士兰微,2003/3/11
600461.SH,洪城水业,2004/6/1
600462.SH,*ST九有,2003/9/3
600463.SH,空港股份,2004/3/18
600466.SH,蓝光发展,2001/2/12
600467.SH,好当家,2004/4/5
600468.SH,百利电气,2001/6/15
600469.SH,风神股份,2003/10/21
600470.SH,六国化工,2004/3/5
600475.SH,华光股份,2003/7/21
600476.SH,湘邮科技,2003/12/10
600477.SH,杭萧钢构,2003/11/10
600478.SH,科力远,2003/9/18
600479.SH,千金药业,2004/3/12
600480.SH,凌云股份,2003/8/15
600481.SH,双良节能,2003/4/22
600482.SH,中国动力,2004/7/14
600483.SH,福能股份,2004/5/31
600485.SH,*ST信威,2003/8/7
600486.SH,扬农化工,2002/4/25
600487.SH,亨通光电,2003/8/22
600488.SH,天药股份,2001/6/18
600489.SH,中金黄金,2003/8/14
600490.SH,鹏欣资源,2003/6/26
600491.SH,龙元建设,2004/5/24
600493.SH,凤竹纺织,2004/4/21
600495.SH,晋西车轴,2004/5/26
600496.SH,精工钢构,2002/6/5
600497.SH,驰宏锌锗,2004/4/20
600498.SH,烽火通信,2001/8/23
600499.SH,科达洁能,2002/10/10
600500.SH,中化国际,2000/3/1
600501.SH,航天晨光,2001/6/15
600502.SH,安徽建工,2003/4/15
600503.SH,华丽家族,2002/7/9
600505.SH,西昌电力,2002/5/30
600506.SH,香梨股份,2001/12/26
600507.SH,方大特钢,2003/9/30
600508.SH,上海能源,2001/8/29
600509.SH,天富能源,2002/2/28
600510.SH,黑牡丹,2002/6/18
600511.SH,国药股份,2002/11/27
600512.SH,腾达建设,2002/12/26
600513.SH,联环药业,2003/3/19
600515.SH,海航基础,2002/8/6
600516.SH,方大炭素,2002/8/30
600517.SH,置信电气,2003/10/10
600518.SH,ST康美,2001/3/19
600519.SH,贵州茅台,2001/8/27
600520.SH,文一科技,2002/1/8
600521.SH,华海药业,2003/3/4
600522.SH,中天科技,2002/10/24
600523.SH,贵航股份,2001/12/27
600525.SH,长园集团,2002/12/2
600526.SH,*ST菲达,2002/7/22
600527.SH,江南高纤,2003/11/27
600528.SH,中铁工业,2001/5/28
600529.SH,山东药玻,2002/6/3
600530.SH,交大昂立,2001/7/2
600531.SH,豫光金铅,2002/7/30
600532.SH,宏达矿业,2002/10/31
600533.SH,栖霞建设,2002/3/28
600535.SH,天士力,2002/8/23
600536.SH,中国软件,2002/5/17
600537.SH,亿晶光电,2003/1/23
600538.SH,国发股份,2003/1/14
600539.SH,ST狮头,2001/8/24
600540.SH,新赛股份,2004/1/7
600543.SH,莫高股份,2004/3/24
600545.SH,卓郎智能,2003/12/3
600546.SH,山煤国际,2003/7/31
600547.SH,山东黄金,2003/8/28
600548.SH,深高速,2001/12/25
600549.SH,厦门钨业,2002/11/7
600550.SH,保变电气,2001/2/28
600551.SH,时代出版,2002/9/5
600552.SH,凯盛科技,2002/11/8
600555.SH,海航创新,2001/3/28
600556.SH,ST慧球,2001/8/7
600557.SH,康缘药业,2002/9/18
600558.SH,大西洋,2001/2/27
600559.SH,老白干酒,2002/10/29
600560.SH,金自天正,2002/9/19
600561.SH,江西长运,2002/7/16
600562.SH,国睿科技,2003/1/28
600563.SH,法拉电子,2002/12/10
600565.SH,迪马股份,2002/7/23
600566.SH,济川药业,2001/8/22
600567.SH,山鹰纸业,2001/12/18
600568.SH,中珠医疗,2001/5/18
600569.SH,安阳钢铁,2001/8/20
600570.SH,恒生电子,2003/12/16
600571.SH,信雅达,2002/11/1
600572.SH,康恩贝,2004/4/12
600573.SH,惠泉啤酒,2003/2/26
600575.SH,淮河能源,2003/3/28
600576.SH,祥源文化,2003/2/20
600577.SH,精达股份,2002/9/11
600578.SH,京能电力,2002/5/10
600579.SH,克劳斯,2002/8/9
600580.SH,卧龙电驱,2002/6/6
600581.SH,八一钢铁,2002/8/16
600582.SH,天地科技,2002/5/15
600583.SH,海油工程,2002/2/5
600584.SH,长电科技,2003/6/3
600585.SH,海螺水泥,2002/2/7
600586.SH,金晶科技,2002/8/15
600587.SH,新华医疗,2002/9/27
600588.SH,用友网络,2001/5/18
600589.SH,广东榕泰,2001/6/12
600590.SH,泰豪科技,2002/7/3
600592.SH,龙溪股份,2002/8/5
600593.SH,大连圣亚,2002/7/11
600594.SH,益佰制药,2004/3/23
600595.SH,*ST中孚,2002/6/26
600596.SH,新安股份,2001/9/6
600597.SH,光明乳业,2002/8/28
600598.SH,北大荒,2002/3/29
600599.SH,熊猫金控,2001/8/28
600600.SH,青岛啤酒,1993/8/27
600601.SH,方正科技,1990/12/19
600602.SH,云赛智联,1990/12/19
600603.SH,广汇物流,1992/1/13
600604.SH,市北高新,1992/3/27
600605.SH,汇通能源,1992/3/27
600606.SH,绿地控股,1992/3/27
600608.SH,ST沪科,1992/3/27
600609.SH,金杯汽车,1992/7/24
600610.SH,*ST毅达,1992/8/5
600611.SH,大众交通,1992/8/7
600612.SH,老凤祥,1992/8/14
600613.SH,神奇制药,1992/8/20
600614.SH,*ST鹏起,1992/8/28
600615.SH,丰华股份,1992/9/10
600616.SH,金枫酒业,1992/9/29
600617.SH,国新能源,1992/10/13
600618.SH,氯碱化工,1992/11/13
600619.SH,海立股份,1992/11/16
600620.SH,天宸股份,1992/11/17
600621.SH,华鑫股份,1992/12/2
600622.SH,光大嘉宝,1992/12/3
600623.SH,华谊集团,1992/12/4
600624.SH,复旦复华,1993/1/5
600626.SH,申达股份,1993/1/7
600628.SH,新世界,1993/1/19
600629.SH,华建集团,1993/2/9
600630.SH,龙头股份,1993/2/9
600633.SH,浙数文化,1993/3/4
600634.SH,*ST富控,1993/3/4
600635.SH,大众公用,1993/3/4
600636.SH,三爱富,1993/3/16
600637.SH,东方明珠,1993/3/16
600638.SH,新黄浦,1993/3/26
600639.SH,浦东金桥,1993/3/26
600640.SH,号百控股,1993/4/7
600641.SH,万业企业,1993/4/7
600642.SH,申能股份,1993/4/16
600643.SH,爱建集团,1993/4/26
600644.SH,乐山电力,1993/4/26
600645.SH,中源协和,1993/5/4
600647.SH,同达创业,1993/5/4
600648.SH,外高桥,1993/5/4
600649.SH,城投控股,1993/5/18
600650.SH,锦江投资,1993/6/7
600651.SH,飞乐音响,1990/12/19
600652.SH,*ST游久,1990/12/19
600653.SH,申华控股,1990/12/19
600654.SH,*ST中安,1990/12/19
600655.SH,豫园股份,1992/9/2
600657.SH,信达地产,1993/5/24
600658.SH,电子城,1993/5/24
600660.SH,福耀玻璃,1993/6/10
600661.SH,昂立教育,1993/6/14
600662.SH,强生控股,1993/6/14
600663.SH,陆家嘴,1993/6/28
600664.SH,哈药股份,1993/6/29
600665.SH,天地源,1993/7/9
600666.SH,*ST瑞德,1993/7/12
600667.SH,太极实业,1993/7/28
600668.SH,尖峰集团,1993/7/28
600671.SH,天目药业,1993/8/23
600673.SH,东阳光,1993/9/17
600674.SH,川投能源,1993/9/24
600675.SH,中华企业,1993/9/24
600676.SH,交运股份,1993/9/28
600677.SH,*ST航通,1993/9/28
600678.SH,四川金顶,1993/10/8
600679.SH,上海凤凰,1993/10/8
600681.SH,百川能源,1993/10/18
600682.SH,南京新百,1993/10/18
600683.SH,京投发展,1993/10/25
600684.SH,珠江实业,1993/10/28
600685.SH,中船防务,1993/10/28
600686.SH,金龙汽车,1993/11/8
600687.SH,*ST刚泰,1993/11/8
600688.SH,上海石化,1993/11/8
600689.SH,上海三毛,1993/11/8
600690.SH,海尔智家,1993/11/19
600691.SH,阳煤化工,1993/11/19
600692.SH,亚通股份,1993/11/19
600693.SH,东百集团,1993/11/22
600694.SH,大商股份,1993/11/22
600695.SH,绿庭投资,1993/11/22
600696.SH,ST岩石,1993/12/6
600697.SH,欧亚集团,1993/12/6
600698.SH,*ST天雁,1993/12/6
600699.SH,均胜电子,1993/12/6
600701.SH,*ST工新,1996/5/28
600702.SH,舍得酒业,1996/5/24
600703.SH,三安光电,1996/5/28
600704.SH,物产中大,1996/6/6
600705.SH,中航资本,1996/5/16
600706.SH,曲江文旅,1996/5/16
600707.SH,彩虹股份,1996/5/20
600708.SH,光明地产,1996/6/6
600710.SH,苏美达,1996/7/1
600711.SH,盛屯矿业,1996/5/31
600712.SH,南宁百货,1996/6/26
600713.SH,南京医药,1996/7/1
600714.SH,金瑞矿业,1996/6/6
600715.SH,文投控股,1996/7/1
600716.SH,凤凰股份,1996/7/2
600717.SH,天津港,1996/6/14
600718.SH,东软集团,1996/6/18
600719.SH,大连热电,1996/7/16
600720.SH,祁连山,1996/7/16
600721.SH,*ST百花,1996/6/26
600722.SH,金牛化工,1996/6/26
600723.SH,首商股份,1996/7/16
600724.SH,宁波富达,1996/7/16
600725.SH,ST云维,1996/7/2
600726.SH,*ST华源,1996/7/1
600727.SH,鲁北化工,1996/7/2
600728.SH,佳都科技,1996/7/16
600729.SH,重庆百货,1996/7/2
600730.SH,中国高科,1996/7/26
600731.SH,湖南海利,1996/8/2
600732.SH,爱旭股份,1996/8/16
600733.SH,北汽蓝谷,1996/8/16
600734.SH,实达集团,1996/8/8
600735.SH,新华锦,1996/7/26
600736.SH,苏州高新,1996/8/15
600737.SH,中粮糖业,1996/7/31
600738.SH,兰州民百,1996/8/2
600739.SH,辽宁成大,1996/8/19
600740.SH,山西焦化,1996/8/8
600741.SH,华域汽车,1996/8/26
600742.SH,一汽富维,1996/8/26
600743.SH,华远地产,1996/9/9
600744.SH,华银电力,1996/9/5
600745.SH,闻泰科技,1996/8/28
600746.SH,江苏索普,1996/9/18
600748.SH,上实发展,1996/9/25
600749.SH,西藏旅游,1996/10/15
600750.SH,江中药业,1996/9/23
600751.SH,海航科技,1996/9/9
600753.SH,东方银星,1996/9/27
600754.SH,锦江酒店,1996/10/11
600755.SH,厦门国贸,1996/10/3
600756.SH,浪潮软件,1996/9/23
600757.SH,长江传媒,1996/10/3
600758.SH,红阳能源,1996/10/29
600759.SH,洲际油气,1996/10/8
600760.SH,中航沈飞,1996/10/11
600761.SH,安徽合力,1996/10/9
600763.SH,通策医疗,1996/10/30
600764.SH,中国海防,1996/11/4
600765.SH,中航重机,1996/11/6
600766.SH,园城黄金,1996/10/28
600767.SH,ST运盛,1996/11/15
600768.SH,宁波富邦,1996/11/11
600769.SH,祥龙电业,1996/11/1
600770.SH,综艺股份,1996/11/20
600771.SH,广誉远,1996/11/5
600773.SH,西藏城投,1996/11/8
600774.SH,汉商集团,1996/11/8
600775.SH,南京熊猫,1996/11/18
600776.SH,东方通信,1996/11/26
600777.SH,新潮能源,1996/11/21
600778.SH,友好集团,1996/12/3
600779.SH,水井坊,1996/12/6
600780.SH,通宝能源,1996/12/5
600781.SH,ST辅仁,1996/12/18
600782.SH,新钢股份,1996/12/25
600783.SH,鲁信创投,1996/12/25
600784.SH,鲁银投资,1996/12/25
600785.SH,新华百货,1997/1/8
600787.SH,中储股份,1997/1/21
600789.SH,鲁抗医药,1997/2/26
600790.SH,轻纺城,1997/2/28
600791.SH,京能置业,1997/1/30
600792.SH,云煤能源,1997/1/23
600793.SH,宜宾纸业,1997/2/20
600794.SH,保税科技,1997/3/6
600795.SH,国电电力,1997/3/18
600796.SH,钱江生化,1997/4/8
600797.SH,浙大网新,1997/4/18
600798.SH,宁波海运,1997/4/23
600800.SH,天津磁卡,1993/12/6
600801.SH,华新水泥,1994/1/3
600802.SH,福建水泥,1994/1/3
600803.SH,新奥股份,1994/1/3
600804.SH,鹏博士,1994/1/3
600805.SH,悦达投资,1994/1/3
600807.SH,ST天业,1994/1/3
600808.SH,马钢股份,1994/1/6
600809.SH,山西汾酒,1994/1/6
600810.SH,神马股份,1994/1/6
600811.SH,东方集团,1994/1/6
600812.SH,华北制药,1994/1/14
600814.SH,杭州解百,1994/1/14
600815.SH,*ST厦工,1994/1/28
600816.SH,安信信托,1994/1/28
600817.SH,ST宏盛,1994/1/28
600818.SH,中路股份,1994/1/28
600819.SH,耀皮玻璃,1994/1/28
600820.SH,隧道股份,1994/1/28
600821.SH,津劝业,1994/1/28
600822.SH,上海物贸,1994/2/4
600823.SH,世茂股份,1994/2/4
600824.SH,益民集团,1994/2/4
600825.SH,新华传媒,1994/2/4
600826.SH,兰生股份,1994/2/4
600827.SH,百联股份,1994/2/4
600828.SH,茂业商业,1994/2/24
600829.SH,人民同泰,1994/2/24
600830.SH,香溢融通,1994/2/24
600831.SH,广电网络,1994/2/24
600833.SH,第一医药,1994/2/24
600834.SH,申通地铁,1994/2/24
600835.SH,上海机电,1994/2/24
600836.SH,界龙实业,1994/2/24
600837.SH,海通证券,1994/2/24
600838.SH,上海九百,1994/2/24
600839.SH,四川长虹,1994/3/11
600841.SH,上柴股份,1994/3/11
600843.SH,上工申贝,1994/3/11
600844.SH,丹化科技,1994/3/11
600845.SH,宝信软件,1994/3/11
600846.SH,同济科技,1994/3/11
600847.SH,万里股份,1994/3/24
600848.SH,上海临港,1994/3/24
600850.SH,华东电脑,1994/3/24
600851.SH,海欣股份,1994/4/4
600853.SH,龙建股份,1994/4/4
600854.SH,春兰股份,1994/4/25
600855.SH,航天长峰,1994/4/25
600856.SH,ST中天,1994/4/25
600857.SH,宁波中百,1994/4/25
600858.SH,银座股份,1994/5/6
600859.SH,王府井,1994/5/6
600860.SH,京城股份,1994/5/6
600861.SH,北京城乡,1994/5/20
600862.SH,中航高科,1994/5/20
600863.SH,内蒙华电,1994/5/20
600864.SH,哈投股份,1994/8/9
600865.SH,百大集团,1994/8/9
600866.SH,星湖科技,1994/8/18
600867.SH,通化东宝,1994/8/24
600868.SH,梅雁吉祥,1994/9/12
600869.SH,智慧能源,1995/2/6
600870.SH,ST厦华,1995/2/28
600871.SH,石化油服,1995/4/11
600872.SH,中炬高新,1995/1/24
600873.SH,梅花生物,1995/2/17
600874.SH,创业环保,1995/6/30
600875.SH,东方电气,1995/10/10
600876.SH,洛阳玻璃,1995/10/31
600877.SH,*ST电能,1995/10/13
600879.SH,航天电子,1995/11/15
600880.SH,博瑞传播,1995/11/15
600881.SH,亚泰集团,1995/11/15
600882.SH,妙可蓝多,1995/12/6
600883.SH,博闻科技,1995/12/8
600884.SH,杉杉股份,1996/1/30
600885.SH,宏发股份,1996/2/5
600886.SH,国投电力,1996/1/18
600887.SH,伊利股份,1996/3/12
600888.SH,新疆众和,1996/2/15
600889.SH,南京化纤,1996/3/8
600890.SH,中房股份,1996/3/18
600891.SH,*ST秋林,1996/3/25
600892.SH,大晟文化,1996/3/15
600893.SH,航发动力,1996/4/8
600894.SH,广日股份,1996/3/28
600895.SH,张江高科,1996/4/22
600896.SH,览海医疗,1996/5/3
600897.SH,厦门空港,1996/5/31
600898.SH,国美通讯,1996/4/18
600900.SH,长江电力,2003/11/18
600901.SH,江苏租赁,2018/3/1
600903.SH,贵州燃气,2017/11/7
600908.SH,无锡银行,2016/9/23
600909.SH,华安证券,2016/12/6
600917.SH,重庆燃气,2014/9/30
600919.SH,江苏银行,2016/8/2
600926.SH,杭州银行,2016/10/27
600928.SH,西安银行,2019/3/1
600929.SH,湖南盐业,2018/3/26
600933.SH,爱柯迪,2017/11/17
600936.SH,广西广电,2016/8/15
600939.SH,重庆建工,2017/2/21
600958.SH,东方证券,2015/3/23
600959.SH,江苏有线,2015/4/28
600960.SH,渤海汽车,2004/4/7
600961.SH,株冶集团,2004/8/30
600962.SH,国投中鲁,2004/6/22
600963.SH,岳阳林纸,2004/5/25
600965.SH,福成股份,2004/7/13
600966.SH,博汇纸业,2004/6/8
600967.SH,内蒙一机,2004/5/18
600968.SH,海油发展,2019/6/26
600969.SH,郴电国际,2004/4/8
600970.SH,中材国际,2005/4/12
600971.SH,恒源煤电,2004/8/17
600973.SH,宝胜股份,2004/8/2
600975.SH,新五丰,2004/6/9
600976.SH,健民集团,2004/4/19
600977.SH,中国电影,2016/8/9
600978.SH,宜华生活,2004/8/24
600979.SH,广安爱众,2004/9/6
600980.SH,北矿科技,2004/5/12
600981.SH,汇鸿集团,2004/6/30
600982.SH,宁波热电,2004/7/6
600983.SH,惠而浦,2004/7/27
600984.SH,建设机械,2004/7/7
600985.SH,淮北矿业,2004/4/28
600986.SH,科达股份,2004/4/26
600987.SH,航民股份,2004/8/9
600988.SH,赤峰黄金,2004/4/14
600989.SH,宝丰能源,2019/5/16
600990.SH,四创电子,2004/5/10
600992.SH,贵绳股份,2004/5/14
600993.SH,马应龙,2004/5/17
600995.SH,文山电力,2004/6/15
600996.SH,贵广网络,2016/12/26
600997.SH,开滦股份,2004/6/2
600998.SH,九州通,2010/11/2
600999.SH,招商证券,2009/11/17
601000.SH,唐山港,2010/7/5
601001.SH,大同煤业,2006/6/23
601002.SH,晋亿实业,2007/1/26
601003.SH,柳钢股份,2007/2/27
601005.SH,重庆钢铁,2007/2/28
601006.SH,大秦铁路,2006/8/1
601007.SH,金陵饭店,2007/4/6
601008.SH,连云港,2007/4/26
601009.SH,南京银行,2007/7/19
601010.SH,文峰股份,2011/6/3
601011.SH,宝泰隆,2011/3/9
601012.SH,隆基股份,2012/4/11
601015.SH,陕西黑猫,2014/11/5
601016.SH,节能风电,2014/9/29
601018.SH,宁波港,2010/9/28
601019.SH,山东出版,2017/11/22
601020.SH,华钰矿业,2016/3/16
601021.SH,春秋航空,2015/1/21
601028.SH,玉龙股份,2011/11/7
601038.SH,一拖股份,2012/8/8
601058.SH,赛轮轮胎,2011/6/30
601066.SH,中信建投,2018/6/20
601068.SH,中铝国际,2018/8/31
601069.SH,西部黄金,2015/1/22
601077.SH,渝农商行,2019/10/29
601086.SH,国芳集团,2017/9/29
601088.SH,中国神华,2007/10/9
601098.SH,中南传媒,2010/10/28
601099.SH,太平洋,2007/12/28
601100.SH,恒立液压,2011/10/28
601101.SH,昊华能源,2010/3/31
601106.SH,中国一重,2010/2/9
601107.SH,四川成渝,2009/7/27
601108.SH,财通证券,2017/10/24
601111.SH,中国国航,2006/8/18
601113.SH,ST华鼎,2011/5/9
601116.SH,三江购物,2011/3/2
601117.SH,中国化学,2010/1/7
601118.SH,海南橡胶,2011/1/7
601126.SH,四方股份,2010/12/31
601127.SH,小康股份,2016/6/15
601128.SH,常熟银行,2016/9/30
601137.SH,博威合金,2011/1/27
601138.SH,工业富联,2018/6/8
601139.SH,深圳燃气,2009/12/25
601155.SH,新城控股,2015/12/4
601158.SH,重庆水务,2010/3/29
601162.SH,天风证券,2018/10/19
601163.SH,三角轮胎,2016/9/9
601166.SH,兴业银行,2007/2/5
601168.SH,西部矿业,2007/7/12
601169.SH,北京银行,2007/9/19
601177.SH,杭齿前进,2010/10/11
601179.SH,中国西电,2010/1/28
601186.SH,中国铁建,2008/3/10
601188.SH,龙江交通,2010/3/19
601198.SH,东兴证券,2015/2/26
601199.SH,江南水务,2011/3/17
601200.SH,上海环境,2017/3/31
601208.SH,东材科技,2011/5/20
601211.SH,国泰君安,2015/6/26
601212.SH,白银有色,2017/2/15
601216.SH,君正集团,2011/2/22
601218.SH,吉鑫科技,2011/5/6
601222.SH,林洋能源,2011/8/8
601225.SH,陕西煤业,2014/1/28
601226.SH,华电重工,2014/12/11
601228.SH,广州港,2017/3/29
601229.SH,上海银行,2016/11/16
601231.SH,环旭电子,2012/2/20
601233.SH,桐昆股份,2011/5/18
601236.SH,红塔证券,2019/7/5
601238.SH,广汽集团,2012/3/29
601258.SH,ST庞大,2011/4/28
601288.SH,农业银行,2010/7/15
601298.SH,青岛港,2019/1/21
601311.SH,骆驼股份,2011/6/2
601318.SH,中国平安,2007/3/1
601319.SH,中国人保,2018/11/16
601326.SH,秦港股份,2017/8/16
601328.SH,交通银行,2007/5/15
601330.SH,绿色动力,2018/6/11
601333.SH,广深铁路,2006/12/22
601336.SH,新华保险,2011/12/16
601339.SH,百隆东方,2012/6/12
601360.SH,三六零,2012/1/16
601366.SH,利群股份,2017/4/12
601368.SH,绿城水务,2015/6/12
601369.SH,陕鼓动力,2010/4/28
601375.SH,中原证券,2017/1/3
601377.SH,兴业证券,2010/10/13
601388.SH,怡球资源,2012/4/23
601390.SH,中国中铁,2007/12/3
601398.SH,工商银行,2006/10/27
601500.SH,通用股份,2016/9/19
601512.SH,中新集团,2019/12/20
601515.SH,东风股份,2012/2/16
601518.SH,吉林高速,2010/3/19
601519.SH,大智慧,2011/1/28
601555.SH,东吴证券,2011/12/12
601558.SH,ST锐电,2011/1/13
601566.SH,九牧王,2011/5/30
601567.SH,三星医疗,2011/6/15
601577.SH,长沙银行,2018/9/26
601579.SH,会稽山,2014/8/25
601588.SH,北辰实业,2006/10/16
601595.SH,上海电影,2016/8/17
601598.SH,中国外运,2019/1/18
601599.SH,鹿港文化,2011/5/27
601600.SH,中国铝业,2007/4/30
601601.SH,中国太保,2007/12/25
601606.SH,长城军工,2018/8/6
601607.SH,上海医药,1994/3/24
601608.SH,中信重工,2012/7/6
601611.SH,中国核建,2016/6/6
601615.SH,明阳智能,2019/1/23
601616.SH,广电电气,2011/2/1
601618.SH,中国中冶,2009/9/21
601619.SH,嘉泽新能,2017/7/20
601628.SH,中国人寿,2007/1/9
601633.SH,长城汽车,2011/9/28
601636.SH,旗滨集团,2011/8/12
601658.SH,邮储银行,2019/12/10
601666.SH,平煤股份,2006/11/23
601668.SH,中国建筑,2009/7/29
601669.SH,中国电建,2011/10/18
601677.SH,明泰铝业,2011/9/19
601678.SH,滨化股份,2010/2/23
601688.SH,华泰证券,2010/2/26
601689.SH,拓普集团,2015/3/19
601696.SH,中银证券,2020/2/26
601698.SH,中国卫通,2019/6/28
601699.SH,潞安环能,2006/9/22
601700.SH,风范股份,2011/1/18
601717.SH,郑煤机,2010/8/3
601718.SH,际华集团,2010/8/16
601727.SH,上海电气,2008/12/5
601766.SH,中国中车,2008/8/18
601777.SH,力帆股份,2010/11/25
601788.SH,光大证券,2009/8/18
601789.SH,宁波建工,2011/8/16
601798.SH,ST蓝科,2011/6/22
601799.SH,星宇股份,2011/2/1
601800.SH,中国交建,2012/3/9
601801.SH,皖新传媒,2010/1/18
601808.SH,中海油服,2007/9/28
601811.SH,新华文轩,2016/8/8
601816.SH,京沪高铁,2020/1/16
601818.SH,光大银行,2010/8/18
601828.SH,美凯龙,2018/1/17
601838.SH,成都银行,2018/1/31
601857.SH,中国石油,2007/11/5
601858.SH,中国科传,2017/1/18
601860.SH,紫金银行,2019/1/3
601865.SH,福莱特,2019/2/15
601866.SH,中远海发,2007/12/12
601869.SH,长飞光纤,2018/7/20
601872.SH,招商轮船,2006/12/1
601877.SH,正泰电器,2010/1/21
601878.SH,浙商证券,2017/6/26
601880.SH,大连港,2010/12/6
601881.SH,中国银河,2017/1/23
601882.SH,海天精工,2016/11/7
601886.SH,江河集团,2011/8/18
601888.SH,中国国旅,2009/10/15
601890.SH,亚星锚链,2010/12/28
601898.SH,中煤能源,2008/2/1
601899.SH,紫金矿业,2008/4/25
601900.SH,南方传媒,2016/2/15
601901.SH,方正证券,2011/8/10
601908.SH,京运通,2011/9/8
601916.SH,浙商银行,2019/11/26
601918.SH,新集能源,2007/12/19
601919.SH,中远海控,2007/6/26
601928.SH,凤凰传媒,2011/11/30
601929.SH,吉视传媒,2012/2/23
601933.SH,永辉超市,2010/12/15
601939.SH,建设银行,2007/9/25
601949.SH,中国出版,2017/8/21
601952.SH,苏垦农发,2017/5/15
601958.SH,金钼股份,2008/4/17
601965.SH,中国汽研,2012/6/11
601966.SH,玲珑轮胎,2016/7/6
601968.SH,宝钢包装,2015/6/11
601969.SH,海南矿业,2014/12/9
601975.SH,招商南油,2019/1/8
601985.SH,中国核电,2015/6/10
601988.SH,中国银行,2006/7/5
601989.SH,中国重工,2009/12/16
601990.SH,南京证券,2018/6/13
601991.SH,大唐发电,2006/12/20
601992.SH,金隅集团,2011/3/1
601996.SH,丰林集团,2011/9/29
601997.SH,贵阳银行,2016/8/16
601998.SH,中信银行,2007/4/27
601999.SH,出版传媒,2007/12/21
603000.SH,人民网,2012/4/27
603001.SH,奥康国际,2012/4/26
603002.SH,宏昌电子,2012/5/18
603003.SH,龙宇燃油,2012/8/17
603005.SH,晶方科技,2014/2/10
603006.SH,联明股份,2014/6/30
603007.SH,花王股份,2016/8/26
603008.SH,喜临门,2012/7/17
603009.SH,北特科技,2014/7/18
603010.SH,万盛股份,2014/10/10
603011.SH,合锻智能,2014/11/7
603012.SH,创力集团,2015/3/20
603013.SH,亚普股份,2018/5/9
603015.SH,弘讯科技,2015/3/3
603016.SH,新宏泰,2016/7/1
603017.SH,中衡设计,2014/12/31
603018.SH,中设集团,2014/10/13
603019.SH,中科曙光,2014/11/6
603020.SH,爱普股份,2015/3/25
603021.SH,山东华鹏,2015/4/23
603022.SH,新通联,2015/5/18
603023.SH,威帝股份,2015/5/27
603025.SH,大豪科技,2015/4/22
603026.SH,石大胜华,2015/5/29
603027.SH,千禾味业,2016/3/7
603028.SH,赛福天,2016/3/31
603029.SH,天鹅股份,2016/4/27
603030.SH,全筑股份,2015/3/20
603031.SH,安德利,2016/8/22
603032.SH,德新交运,2017/1/5
603033.SH,三维股份,2016/12/7
603035.SH,常熟汽饰,2017/1/5
603036.SH,如通股份,2016/12/9
603037.SH,凯众股份,2017/1/20
603038.SH,华立股份,2017/1/16
603039.SH,泛微网络,2017/1/13
603040.SH,新坐标,2017/2/9
603041.SH,美思德,2017/3/30
603042.SH,华脉科技,2017/6/2
603043.SH,广州酒家,2017/6/27
603045.SH,福达合金,2018/5/17
603050.SH,科林电气,2017/4/14
603053.SH,成都燃气,2019/12/17
603055.SH,台华新材,2017/9/21
603056.SH,德邦股份,2018/1/16
603058.SH,永吉股份,2016/12/23
603059.SH,倍加洁,2018/3/2
603060.SH,国检集团,2016/11/9
603063.SH,禾望电气,2017/7/28
603066.SH,音飞储存,2015/6/11
603067.SH,振华股份,2016/9/13
603068.SH,博通集成,2019/4/15
603069.SH,海汽集团,2016/7/12
603076.SH,乐惠国际,2017/11/13
603077.SH,和邦生物,2012/7/31
603078.SH,江化微,2017/4/10
603079.SH,圣达生物,2017/8/23
603080.SH,新疆火炬,2018/1/3
603081.SH,大丰实业,2017/4/20
603083.SH,剑桥科技,2017/11/10
603085.SH,天成自控,2015/6/30
603086.SH,先达股份,2017/5/11
603088.SH,宁波精达,2014/11/11
603089.SH,正裕工业,2017/1/26
603090.SH,宏盛股份,2016/8/31
603093.SH,南华期货,2019/8/30
603096.SH,新经典,2017/4/25
603098.SH,森特股份,2016/12/16
603099.SH,长白山,2014/8/22
603100.SH,川仪股份,2014/8/5
603101.SH,汇嘉时代,2016/5/6
603103.SH,横店影视,2017/10/12
603105.SH,芯能科技,2018/7/9
603106.SH,恒银金融,2017/9/20
603108.SH,润达医疗,2015/5/27
603109.SH,神驰机电,2019/12/31
603110.SH,东方材料,2017/10/13
603111.SH,康尼机电,2014/8/1
603113.SH,金能科技,2017/5/11
603115.SH,海星股份,2019/8/9
603116.SH,红蜻蜓,2015/6/29
603117.SH,万林物流,2015/6/29
603118.SH,共进股份,2015/2/25
603121.SH,华培动力,2019/1/11
603123.SH,翠微股份,2012/5/3
603126.SH,中材节能,2014/7/31
603127.SH,昭衍新药,2017/8/25
603128.SH,华贸物流,2012/5/29
603129.SH,春风动力,2017/8/18
603131.SH,上海沪工,2016/6/7
603133.SH,碳元科技,2017/3/20
603136.SH,天目湖,2017/9/27
603138.SH,海量数据,2017/3/6
603139.SH,康惠制药,2017/4/21
603156.SH,养元饮品,2018/2/12
603157.SH,拉夏贝尔,2017/9/25
603158.SH,腾龙股份,2015/3/20
603159.SH,上海亚虹,2016/8/12
603160.SH,汇顶科技,2016/10/17
603161.SH,科华控股,2018/1/5
603165.SH,荣晟环保,2017/1/17
603166.SH,福达股份,2014/11/27
603167.SH,渤海轮渡,2012/9/6
603168.SH,莎普爱思,2014/7/2
603169.SH,兰石重装,2014/10/9
603177.SH,德创环保,2017/2/7
603178.SH,圣龙股份,2017/3/28
603179.SH,新泉股份,2017/3/17
603180.SH,金牌厨柜,2017/5/12
603181.SH,皇马科技,2017/8/24
603183.SH,建研院,2017/9/5
603185.SH,上机数控,2018/12/28
603186.SH,华正新材,2017/1/3
603187.SH,海容冷链,2018/11/29
603188.SH,ST亚邦,2014/9/9
603189.SH,网达软件,2016/9/14
603192.SH,汇得科技,2018/8/28
603195.SH,公牛集团,2020/2/6
603196.SH,日播时尚,2017/5/31
603197.SH,保隆科技,2017/5/19
603198.SH,迎驾贡酒,2015/5/28
603199.SH,九华旅游,2015/3/26
603200.SH,上海洗霸,2017/6/1
603203.SH,快克股份,2016/11/8
603208.SH,江山欧派,2017/2/10
603214.SH,爱婴室,2018/3/30
603217.SH,元利科技,2019/6/20
603218.SH,日月股份,2016/12/28
603220.SH,中贝通信,2018/11/15
603221.SH,爱丽家居,2020/3/23
603222.SH,济民制药,2015/2/17
603223.SH,恒通股份,2015/6/30
603225.SH,新凤鸣,2017/4/18
603226.SH,菲林格尔,2017/6/15
603227.SH,雪峰科技,2015/5/15
603228.SH,景旺电子,2017/1/6
603229.SH,奥翔药业,2017/5/9
603232.SH,格尔软件,2017/4/21
603233.SH,大参林,2017/7/31
603236.SH,移远通信,2019/7/16
603238.SH,诺邦股份,2017/2/22
603239.SH,浙江仙通,2016/12/30
603256.SH,宏和科技,2019/7/19
603258.SH,电魂网络,2016/10/26
603259.SH,药明康德,2018/5/8
603260.SH,合盛硅业,2017/10/30
603266.SH,天龙股份,2017/1/10
603267.SH,鸿远电子,2019/5/15
603268.SH,松发股份,2015/3/19
603269.SH,海鸥股份,2017/5/17
603277.SH,银都股份,2017/9/11
603278.SH,大业股份,2017/11/13
603279.SH,景津环保,2019/7/29
603283.SH,赛腾股份,2017/12/25
603286.SH,日盈电子,2017/6/27
603288.SH,海天味业,2014/2/11
603289.SH,泰瑞机器,2017/10/31
603290.SH,斯达半导,2020/2/4
603297.SH,永新光学,2018/9/10
603298.SH,杭叉集团,2016/12/27
603299.SH,苏盐井神,2015/12/31
603300.SH,华铁应急,2015/5/29
603301.SH,振德医疗,2018/4/12
603303.SH,得邦照明,2017/3/30
603305.SH,旭升股份,2017/7/10
603306.SH,华懋科技,2014/9/26
603308.SH,应流股份,2014/1/22
603309.SH,维力医疗,2015/3/2
603311.SH,金海环境,2015/5/18
603313.SH,梦百合,2016/10/13
603315.SH,福鞍股份,2015/4/24
603316.SH,诚邦股份,2017/6/19
603317.SH,天味食品,2019/4/16
603318.SH,派思股份,2015/4/24
603319.SH,湘油泵,2016/11/30
603320.SH,迪贝电气,2017/5/2
603321.SH,梅轮电梯,2017/9/15
603322.SH,超讯通信,2016/7/28
603323.SH,苏农银行,2016/11/29
603326.SH,我乐家居,2017/6/16
603327.SH,福蓉科技,2019/5/23
603328.SH,依顿电子,2014/7/1
603329.SH,上海雅仕,2017/12/29
603330.SH,上海天洋,2017/2/13
603331.SH,百达精工,2017/7/5
603332.SH,苏州龙杰,2019/1/17
603333.SH,尚纬股份,2012/5/7
603335.SH,迪生力,2017/6/20
603336.SH,宏辉果蔬,2016/11/24
603337.SH,杰克股份,2017/1/19
603338.SH,浙江鼎力,2015/3/25
603339.SH,四方科技,2016/5/19
603345.SH,安井食品,2017/2/22
603348.SH,文灿股份,2018/4/26
603351.SH,威尔药业,2019/1/30
603355.SH,莱克电气,2015/5/13
603356.SH,华菱精工,2018/1/24
603357.SH,设计总院,2017/8/1
603358.SH,华达科技,2017/1/25
603359.SH,东珠生态,2017/9/1
603360.SH,百傲化学,2017/2/6
603363.SH,傲农生物,2017/9/26
603365.SH,水星家纺,2017/11/20
603366.SH,日出东方,2012/5/21
603367.SH,辰欣药业,2017/9/29
603368.SH,柳药股份,2014/12/4
603369.SH,今世缘,2014/7/3
603377.SH,东方时尚,2016/2/5
603378.SH,亚士创能,2017/9/28
603379.SH,三美股份,2019/4/2
603380.SH,易德龙,2017/6/22
603383.SH,顶点软件,2017/5/22
603385.SH,惠达卫浴,2017/4/5
603386.SH,广东骏亚,2017/9/12
603387.SH,基蛋生物,2017/7/17
603388.SH,元成股份,2017/3/24
603389.SH,亚振家居,2016/12/15
603390.SH,通达电气,2019/11/25
603393.SH,新天然气,2016/9/12
603396.SH,金辰股份,2017/10/18
603398.SH,邦宝益智,2015/12/9
603399.SH,吉翔股份,2012/8/24
603416.SH,信捷电气,2016/12/21
603421.SH,鼎信通讯,2016/10/11
603429.SH,集友股份,2017/1/24
603444.SH,吉比特,2017/1/4
603456.SH,九洲药业,2014/10/10
603458.SH,勘设股份,2017/8/9
603466.SH,风语筑,2017/10/20
603477.SH,振静股份,2017/12/18
603486.SH,科沃斯,2018/5/28
603488.SH,展鹏科技,2017/5/16
603489.SH,八方股份,2019/11/11
603496.SH,恒为科技,2017/6/7
603499.SH,翔港科技,2017/10/16
603500.SH,祥和实业,2017/9/4
603501.SH,韦尔股份,2017/5/4
603505.SH,金石资源,2017/5/3
603506.SH,南都物业,2018/2/1
603507.SH,振江股份,2017/11/6
603508.SH,思维列控,2015/12/24
603515.SH,欧普照明,2016/8/19
603516.SH,淳中科技,2018/2/2
603517.SH,绝味食品,2017/3/17
603518.SH,锦泓集团,2014/12/3
603519.SH,立霸股份,2015/3/19
603520.SH,司太立,2016/3/9
603527.SH,众源新材,2017/9/7
603528.SH,多伦科技,2016/5/3
603530.SH,神马电力,2019/8/5
603533.SH,掌阅科技,2017/9/21
603535.SH,嘉诚国际,2017/8/8
603536.SH,惠发食品,2017/6/13
603538.SH,美诺华,2017/4/7
603551.SH,奥普家居,2020/1/15
603555.SH,贵人鸟,2014/1/24
603556.SH,海兴电力,2016/11/10
603557.SH,起步股份,2017/8/18
603558.SH,健盛集团,2015/1/27
603559.SH,中通国脉,2016/12/2
603566.SH,普莱柯,2015/5/18
603567.SH,珍宝岛,2015/4/24
603568.SH,伟明环保,2015/5/28
603569.SH,长久物流,2016/8/10
603577.SH,汇金通,2016/12/22
603578.SH,三星新材,2017/3/6
603579.SH,荣泰健康,2017/1/11
603580.SH,艾艾精工,2017/5/25
603583.SH,捷昌驱动,2018/9/21
603585.SH,苏利股份,2016/12/14
603586.SH,金麒麟,2017/4/6
603587.SH,地素时尚,2018/6/22
603588.SH,高能环境,2014/12/29
603589.SH,口子窖,2015/6/29
603590.SH,康辰药业,2018/8/27
603595.SH,东尼电子,2017/7/12
603596.SH,伯特利,2018/4/27
603598.SH,引力传媒,2015/5/27
603599.SH,广信股份,2015/5/13
603600.SH,永艺股份,2015/1/23
603601.SH,再升科技,2015/1/22
603602.SH,纵横通信,2017/8/10
603603.SH,博天环境,2017/2/17
603605.SH,珀莱雅,2017/11/15
603606.SH,东方电缆,2014/10/15
603607.SH,京华激光,2017/10/25
603608.SH,天创时尚,2016/2/18
603609.SH,禾丰牧业,2014/8/8
603610.SH,麒盛科技,2019/10/29
603611.SH,诺力股份,2015/1/28
603612.SH,索通发展,2017/7/18
603613.SH,国联股份,2019/7/30
603615.SH,茶花股份,2017/2/13
603616.SH,韩建河山,2015/6/11
603617.SH,君禾股份,2017/7/3
603618.SH,杭电股份,2015/2/17
603619.SH,中曼石油,2017/11/17
603626.SH,科森科技,2017/2/9
603628.SH,清源股份,2017/1/12
603629.SH,利通电子,2018/12/24
603630.SH,拉芳家化,2017/3/13
603633.SH,徕木股份,2016/11/17
603636.SH,南威软件,2014/12/30
603637.SH,镇海股份,2017/2/8
603638.SH,艾迪精密,2017/1/20
603639.SH,海利尔,2017/1/12
603648.SH,畅联股份,2017/9/13
603650.SH,彤程新材,2018/6/27
603655.SH,朗博科技,2017/12/29
603656.SH,泰禾光电,2017/3/21
603657.SH,春光科技,2018/7/30
603658.SH,安图生物,2016/9/1
603659.SH,璞泰来,2017/11/3
603660.SH,苏州科达,2016/12/1
603661.SH,恒林股份,2017/11/21
603662.SH,柯力传感,2019/8/6
603663.SH,三祥新材,2016/8/1
603665.SH,康隆达,2017/3/13
603666.SH,亿嘉和,2018/6/12
603667.SH,五洲新春,2016/10/25
603668.SH,天马科技,2017/1/17
603669.SH,灵康药业,2015/5/28
603676.SH,卫信康,2017/7/21
603677.SH,奇精机械,2017/2/6
603678.SH,火炬电子,2015/1/26
603679.SH,华体科技,2017/6/21
603680.SH,今创集团,2018/2/27
603681.SH,永冠新材,2019/3/26
603683.SH,晶华新材,2017/10/20
603685.SH,晨丰科技,2017/11/27
603686.SH,龙马环卫,2015/1/26
603687.SH,大胜达,2019/7/26
603688.SH,石英股份,2014/10/31
603689.SH,皖天然气,2017/1/10
603690.SH,至纯科技,2017/1/13
603693.SH,江苏新能,2018/7/3
603696.SH,安记食品,2015/12/9
603697.SH,有友食品,2019/5/8
603698.SH,航天工程,2015/1/28
603699.SH,纽威股份,2014/1/17
603700.SH,宁水集团,2019/1/22
603701.SH,德宏股份,2016/4/12
603703.SH,盛洋科技,2015/4/23
603706.SH,东方环宇,2018/7/9
603707.SH,健友股份,2017/7/19
603708.SH,家家悦,2016/12/13
603709.SH,中源家居,2018/2/8
603711.SH,香飘飘,2017/11/30
603712.SH,七一二,2018/2/26
603713.SH,密尔克卫,2018/7/13
603716.SH,塞力斯,2016/10/31
603717.SH,天域生态,2017/3/27
603718.SH,海利生物,2015/5/15
603719.SH,良品铺子,2020/2/24
603721.SH,中广天择,2017/8/11
603722.SH,阿科力,2017/10/25
603725.SH,天安新材,2017/9/6
603726.SH,朗迪集团,2016/4/21
603727.SH,博迈科,2016/11/22
603728.SH,鸣志电器,2017/5/9
603729.SH,龙韵股份,2015/3/24
603730.SH,岱美股份,2017/7/28
603733.SH,仙鹤股份,2018/4/20
603737.SH,三棵树,2016/6/3
603738.SH,泰晶科技,2016/9/28
603739.SH,蔚蓝生物,2019/1/16
603755.SH,日辰股份,2019/8/28
603757.SH,大元泵业,2017/7/11
603758.SH,秦安股份,2017/5/17
603766.SH,隆鑫通用,2012/8/10
603767.SH,中马传动,2017/6/13
603768.SH,常青股份,2017/3/24
603773.SH,沃格光电,2018/4/17
603776.SH,永安行,2017/8/17
603777.SH,来伊份,2016/10/12
603778.SH,乾景园林,2015/12/31
603779.SH,ST威龙,2016/5/16
603786.SH,科博达,2019/10/15
603787.SH,新日股份,2017/4/27
603788.SH,宁波高发,2015/1/20
603789.SH,星光农机,2015/4/27
603790.SH,雅运股份,2018/9/12
603797.SH,联泰环保,2017/4/13
603798.SH,康普顿,2016/4/6
603799.SH,华友钴业,2015/1/29
603800.SH,道森股份,2015/12/10
603801.SH,志邦家居,2017/6/30
603803.SH,瑞斯康达,2017/4/20
603806.SH,福斯特,2014/9/5
603808.SH,歌力思,2015/4/22
603809.SH,豪能股份,2017/11/28
603810.SH,丰山集团,2018/9/17
603811.SH,诚意药业,2017/3/15
603813.SH,原尚股份,2017/9/18
603815.SH,交建股份,2019/10/21
603816.SH,顾家家居,2016/10/14
603817.SH,海峡环保,2017/2/20
603818.SH,曲美家居,2015/4/22
603819.SH,神力股份,2016/11/25
603822.SH,嘉澳环保,2016/4/28
603823.SH,百合花,2016/12/20
603825.SH,华扬联众,2017/8/2
603826.SH,坤彩科技,2017/4/14
603828.SH,柯利达,2015/2/26
603829.SH,洛凯股份,2017/10/17
603833.SH,欧派家居,2017/3/28
603838.SH,四通股份,2015/7/1
603839.SH,安正时尚,2017/2/14
603843.SH,正平股份,2016/9/5
603848.SH,好太太,2017/12/1
603855.SH,华荣股份,2017/5/24
603856.SH,东宏股份,2017/11/6
603858.SH,步长制药,2016/11/18
603859.SH,能科股份,2016/10/21
603860.SH,中公高科,2017/8/2
603861.SH,白云电器,2016/3/22
603863.SH,松炀资源,2019/6/21
603866.SH,桃李面包,2015/12/22
603867.SH,新化股份,2019/6/27
603868.SH,飞科电器,2016/4/18
603869.SH,新智认知,2015/3/26
603871.SH,嘉友国际,2018/2/6
603876.SH,鼎胜新材,2018/4/18
603877.SH,太平鸟,2017/1/9
603878.SH,武进不锈,2016/12/19
603879.SH,永悦科技,2017/6/14
603880.SH,南卫股份,2017/8/7
603881.SH,数据港,2017/2/8
603882.SH,金域医学,2017/9/8
603883.SH,老百姓,2015/4/23
603885.SH,吉祥航空,2015/5/27
603886.SH,元祖股份,2016/12/28
603887.SH,城地股份,2016/10/10
603888.SH,新华网,2016/10/28
603889.SH,新澳股份,2014/12/31
603890.SH,春秋电子,2017/12/12
603893.SH,瑞芯微,2020/2/7
603895.SH,天永智能,2018/1/22
603896.SH,寿仙谷,2017/5/10
603897.SH,长城科技,2018/4/10
603898.SH,好莱客,2015/2/17
603899.SH,晨光文具,2015/1/27
603900.SH,莱绅通灵,2016/11/23
603901.SH,永创智能,2015/5/29
603903.SH,中持股份,2017/3/14
603906.SH,龙蟠科技,2017/4/10
603908.SH,牧高笛,2017/3/7
603909.SH,合诚股份,2016/6/28
603912.SH,佳力图,2017/11/1
603915.SH,国茂股份,2019/6/14
603916.SH,苏博特,2017/11/10
603917.SH,合力科技,2017/12/4
603918.SH,金桥信息,2015/5/28
603919.SH,金徽酒,2016/3/10
603920.SH,世运电路,2017/4/26
603922.SH,金鸿顺,2017/10/23
603926.SH,铁流股份,2017/5/10
603927.SH,中科软,2019/9/9
603928.SH,兴业股份,2016/12/12
603929.SH,亚翔集成,2016/12/30
603933.SH,睿能科技,2017/7/6
603936.SH,博敏电子,2015/12/9
603937.SH,丽岛新材,2017/11/2
603938.SH,三孚股份,2017/6/28
603939.SH,益丰药房,2015/2/17
603948.SH,建业股份,2020/3/2
603949.SH,雪龙集团,2020/3/10
603955.SH,大千生态,2017/3/10
603956.SH,威派格,2019/2/22
603958.SH,哈森股份,2016/6/29
603959.SH,百利科技,2016/5/17
603960.SH,克来机电,2017/3/14
603963.SH,大理药业,2017/9/22
603966.SH,法兰泰克,2017/1/25
603967.SH,中创物流,2019/4/29
603968.SH,醋化股份,2015/5/18
603969.SH,银龙股份,2015/2/27
603970.SH,中农立华,2017/11/16
603976.SH,正川股份,2017/8/22
603977.SH,国泰集团,2016/11/11
603978.SH,深圳新星,2017/8/7
603979.SH,金诚信,2015/6/30
603980.SH,吉华集团,2017/6/15
603982.SH,泉峰汽车,2019/5/22
603983.SH,丸美股份,2019/7/25
603985.SH,恒润股份,2017/5/5
603986.SH,兆易创新,2016/8/18
603987.SH,康德莱,2016/11/21
603988.SH,中电电机,2014/11/4
603989.SH,艾华集团,2015/5/15
603990.SH,麦迪科技,2016/12/8
603991.SH,至正股份,2017/3/8
603992.SH,松霖科技,2019/8/26
603993.SH,洛阳钼业,2012/10/9
603995.SH,甬金股份,2019/12/24
603996.SH,ST中新,2015/12/22
603997.SH,继峰股份,2015/3/2
603998.SH,方盛制药,2014/12/5
603999.SH,读者传媒,2015/12/10
688001.SH,华兴源创,2019/7/22
688002.SH,睿创微纳,2019/7/22
688003.SH,天准科技,2019/7/22
688005.SH,容百科技,2019/7/22
688006.SH,杭可科技,2019/7/22
688007.SH,光峰科技,2019/7/22
688008.SH,澜起科技,2019/7/22
688009.SH,中国通号,2019/7/22
688010.SH,福光股份,2019/7/22
688011.SH,新光光电,2019/7/22
688012.SH,中微公司,2019/7/22
688015.SH,交控科技,2019/7/22
688016.SH,心脉医疗,2019/7/22
688018.SH,乐鑫科技,2019/7/22
688019.SH,安集科技,2019/7/22
688020.SH,方邦股份,2019/7/22
688021.SH,奥福环保,2019/11/6
688022.SH,瀚川智能,2019/7/22
688023.SH,安恒信息,2019/11/5
688025.SH,杰普特,2019/10/31
688026.SH,洁特生物,2020/1/22
688028.SH,沃尔德,2019/7/22
688029.SH,南微医学,2019/7/22
688030.SH,山石网科,2019/9/30
688033.SH,天宜上佳,2019/7/22
688036.SH,传音控股,2019/9/30
688037.SH,芯源微,2019/12/16
688039.SH,当虹科技,2019/12/11
688051.SH,佳华科技,2020/3/20
688058.SH,宝兰德,2019/11/1
688066.SH,航天宏图,2019/7/22
688068.SH,热景生物,2019/9/30
688078.SH,龙软科技,2019/12/30
688080.SH,映翰通,2020/2/12
688081.SH,兴图新科,2020/1/6
688086.SH,紫晶存储,2020/2/26
688088.SH,虹软科技,2019/7/22
688089.SH,嘉必优,2019/12/19
688090.SH,瑞松科技,2020/2/17
688098.SH,申联生物,2019/10/28
688099.SH,晶晨股份,2019/8/8
688100.SH,威胜信息,2020/1/21
688101.SH,三达膜,2019/11/15
688108.SH,赛诺医疗,2019/10/30
688111.SH,金山办公,2019/11/18
688116.SH,天奈科技,2019/9/25
688118.SH,普元信息,2019/12/4
688122.SH,西部超导,2019/7/22
688123.SH,聚辰股份,2019/12/23
688128.SH,中国电研,2019/11/5
688138.SH,清溢光电,2019/11/20
688139.SH,海尔生物,2019/10/25
688158.SH,优刻得,2020/1/20
688159.SH,有方科技,2020/1/23
688166.SH,博瑞医药,2019/11/8
688168.SH,安博通,2019/9/6
688169.SH,石头科技,2020/2/21
688177.SH,百奥泰,2020/2/21
688178.SH,万德斯,2020/1/14
688181.SH,八亿时空,2020/1/6
688186.SH,广大特材,2020/2/11
688188.SH,柏楚电子,2019/8/8
688196.SH,卓越新能,2019/11/21
688198.SH,佰仁医疗,2019/12/9
688199.SH,久日新材,2019/11/5
688200.SH,华峰测控,2020/2/18
688202.SH,美迪西,2019/11/5
688208.SH,道通科技,2020/2/13
688218.SH,江苏北人,2019/12/11
688233.SH,神工股份,2020/2/21
688258.SH,卓易信息,2019/12/9
688266.SH,泽璟制药,2020/1/23
688268.SH,华特气体,2019/12/26
688278.SH,特宝生物,2020/1/17
688288.SH,鸿泉物联,2019/11/6
688298.SH,东方生物,2020/2/5
688299.SH,长阳科技,2019/11/6
688300.SH,联瑞新材,2019/11/15
688310.SH,迈得医疗,2019/12/3
688321.SH,微芯生物,2019/8/12
688333.SH,铂力特,2019/7/22
688357.SH,建龙微纳,2019/12/4
688358.SH,祥生医疗,2019/12/3
688363.SH,华熙生物,2019/11/6
688366.SH,昊海生科,2019/10/30
688368.SH,晶丰明源,2019/10/14
688369.SH,致远互联,2019/10/31
688388.SH,嘉元科技,2019/7/22
688389.SH,普门科技,2019/11/5
688396.SH,华润微,2020/2/27
688398.SH,赛特新材,2020/2/11
688399.SH,硕世生物,2019/12/5
